commit	strategy	model_name	n_free_params	n_subjects	n_opt_steps	lr	noise_sigma	spectral_loss	free_energy	theta_map	wall_time	status
275fce4	baseline_adam_2params	liley	2	2	100	0.01	0.001	542.2465209960938	-545.4653968209619	[0.5940947532653809, -7.526988338213414e-05]	24.151605394028593	ok
275fce4	baseline_adam_2params	liley	2	2	100	0.01	0.001	542.3633422851562	-545.5822181100244	[0.5939122438430786, -7.525258843088523e-05]	23.710417555004824	ok
275fce4	baseline_adam_2params	cmc	2	2	100	0.01	0.001	221.53732299804688	-224.75619882291508	[-0.9999992251396179, 6.097866207710467e-05]	16.24615297600394	ok
275fce4	baseline_adam_2params	cmc	2	2	100	0.01	0.001	221.5430908203125	-224.7619666451807	[-0.9999992251396179, 6.098035009927116e-05]	16.34032139700139	ok
275fce4	baseline_adam_2params	rrw	2	2	100	0.01	0.001	2081.12255859375	-2084.341434418618	[0.0, 5.4126649047248065e-05]	16.689643221034203	ok
275fce4	baseline_adam_2params	rrw	2	2	100	0.01	0.001	2088.618408203125	-2091.837284027993	[0.0, -5.216725912760012e-05]	16.55233923596097	ok
275fce4	baseline_adam_2params	cbei	2	2	100	0.01	0.001	1792.3577880859375	-1795.5766639108058	[0.0, -0.04800288751721382]	22.03290630003903	ok
275fce4	baseline_adam_2params	cbei	2	2	100	0.01	0.001	1793.1585693359375	-1796.3774451608058	[0.0, 0.04788154363632202]	22.120271199964918	ok
9152d9f	baseline_adam_2params	liley	2	2	100	0.01	0.001	542.2465209960938	-545.4653968209619	[0.5940947532653809, -7.526988338213414e-05]	24.881116217991803	ok
9152d9f	baseline_adam_2params	liley	2	2	100	0.01	0.001	542.3633422851562	-545.5822181100244	[0.5939122438430786, -7.525258843088523e-05]	25.93265331396833	ok
9152d9f	baseline_adam_2params	cmc	2	2	100	0.01	0.001	221.53732299804688	-224.75619882291508	[-0.9999992251396179, 6.097866207710467e-05]	16.94536562997382	ok
9152d9f	baseline_adam_2params	cmc	2	2	100	0.01	0.001	221.5430908203125	-224.7619666451807	[-0.9999992251396179, 6.098035009927116e-05]	16.98141864000354	ok
9152d9f	baseline_adam_2params	rrw	2	2	100	0.01	0.001	2081.12255859375	-2084.341434418618	[0.0, 5.4126649047248065e-05]	16.86140161100775	ok
9152d9f	baseline_adam_2params	rrw	2	2	100	0.01	0.001	2088.618408203125	-2091.837284027993	[0.0, -5.216725912760012e-05]	16.683244275976904	ok
9152d9f	baseline_adam_2params	cbei	2	2	100	0.01	0.001	1792.3577880859375	-1795.5766639108058	[0.0, -0.04800288751721382]	21.718894197023474	ok
9152d9f	baseline_adam_2params	cbei	2	2	100	0.01	0.001	1793.1585693359375	-1796.3774451608058	[0.0, 0.04788154363632202]	21.673881408991292	ok
9152d9f	baseline_adam_2params	liley	2	2	100	0.01	0.001	542.2465209960938	-545.4653968209619	[0.5940947532653809, -7.526988338213414e-05]	25.121746477962006	ok
9152d9f	baseline_adam_2params	liley	2	2	100	0.01	0.001	542.3633422851562	-545.5822181100244	[0.5939122438430786, -7.525258843088523e-05]	24.01909955299925	ok
9152d9f	baseline_adam_2params	cmc	2	2	100	0.01	0.001	221.53732299804688	-224.75619882291508	[-0.9999992251396179, 6.097866207710467e-05]	16.372957432991825	ok
9152d9f	baseline_adam_2params	cmc	2	2	100	0.01	0.001	221.5430908203125	-224.7619666451807	[-0.9999992251396179, 6.098035009927116e-05]	16.528708258992992	ok
9152d9f	baseline_adam_2params	rrw	2	2	100	0.01	0.001	2081.12255859375	-2084.341434418618	[0.0, 5.4126649047248065e-05]	16.563897983985953	ok
9152d9f	baseline_adam_2params	rrw	2	2	100	0.01	0.001	2088.618408203125	-2091.837284027993	[0.0, -5.216725912760012e-05]	16.62491117598256	ok
9152d9f	baseline_adam_2params	cbei	2	2	100	0.01	0.001	1792.3577880859375	-1795.5766639108058	[0.0, -0.04800288751721382]	22.646493371983524	ok
9152d9f	baseline_adam_2params	cbei	2	2	100	0.01	0.001	1793.1585693359375	-1796.3774451608058	[0.0, 0.04788154363632202]	22.373306452005636	ok
9152d9f	baseline_adam_2params	liley	2	2	100	0.01	0.001	542.2465209960938	-545.4653968209619	[0.5940947532653809, -7.526988338213414e-05]	24.88264267303748	ok
9152d9f	baseline_adam_2params	liley	2	2	100	0.01	0.001	542.3633422851562	-545.5822181100244	[0.5939122438430786, -7.525258843088523e-05]	24.759380811010487	ok
9152d9f	baseline_adam_2params	cmc	2	2	100	0.01	0.001	221.53732299804688	-224.75619882291508	[-0.9999992251396179, 6.097866207710467e-05]	16.89686828799313	ok
9152d9f	baseline_adam_2params	cmc	2	2	100	0.01	0.001	221.5430908203125	-224.7619666451807	[-0.9999992251396179, 6.098035009927116e-05]	16.98101454495918	ok
9152d9f	baseline_adam_2params	rrw	2	2	100	0.01	0.001	2081.12255859375	-2084.341434418618	[0.0, 5.4126649047248065e-05]	17.016852464003023	ok
9152d9f	baseline_adam_2params	rrw	2	2	100	0.01	0.001	2088.618408203125	-2091.837284027993	[0.0, -5.216725912760012e-05]	17.043614463997073	ok
9152d9f	baseline_adam_2params	cbei	2	2	100	0.01	0.001	1792.3577880859375	-1795.5766639108058	[0.0, -0.04800288751721382]	22.657037010998465	ok
9152d9f	baseline_adam_2params	cbei	2	2	100	0.01	0.001	1793.1585693359375	-1796.3774451608058	[0.0, 0.04788154363632202]	22.778674376022536	ok
9152d9f	baseline_adam_2params	liley	2	2	100	0.01	0.001	542.2465209960938	-545.4653968209619	[0.5940947532653809, -7.526988338213414e-05]	25.436255542968865	ok
9152d9f	baseline_adam_2params	liley	2	2	100	0.01	0.001	542.3633422851562	-545.5822181100244	[0.5939122438430786, -7.525258843088523e-05]	25.142697864968795	ok
9152d9f	baseline_adam_2params	cmc	2	2	100	0.01	0.001	221.53732299804688	-224.75619882291508	[-0.9999992251396179, 6.097866207710467e-05]	17.088101655011997	ok
9152d9f	baseline_adam_2params	cmc	2	2	100	0.01	0.001	221.5430908203125	-224.7619666451807	[-0.9999992251396179, 6.098035009927116e-05]	16.832688701048028	ok
9152d9f	baseline_adam_2params	rrw	2	2	100	0.01	0.001	2081.12255859375	-2084.341434418618	[0.0, 5.4126649047248065e-05]	17.01762541604694	ok
9152d9f	baseline_adam_2params	rrw	2	2	100	0.01	0.001	2088.618408203125	-2091.837284027993	[0.0, -5.216725912760012e-05]	17.122448257985525	ok
9152d9f	baseline_adam_2params	cbei	2	2	100	0.01	0.001	1792.3577880859375	-1795.5766639108058	[0.0, -0.04800288751721382]	23.172963138029445	ok
9152d9f	baseline_adam_2params	cbei	2	2	100	0.01	0.001	1793.1585693359375	-1796.3774451608058	[0.0, 0.04788154363632202]	22.81499664502917	ok
9152d9f	multi_param_cosine_lr_4params_cosine	liley	4	2	200	0.05	0.0005	18.4151611328125	-24.852912782548902	[0.003815548261627555, 3.6030726846547623e-07, 6.066946411920071e-07, 4.737140655517578]	44.35569304303499	ok
9152d9f	multi_param_cosine_lr_4params_cosine	liley	4	2	200	0.05	0.0005	18.41757583618164	-24.855327485918043	[0.0038204146549105644, 3.602469575980649e-07, 6.067370463824773e-07, 4.737330436706543]	44.789659801987	ok
9152d9f	multi_param_cosine_lr_4params_cosine	cmc	4	2	200	0.05	0.0005	16.12095069885254	-22.55870234858894	[-1.2164043188095093, -1.2163631916046143, 0.00015430623898282647, -5.786459951195866e-07]	36.32289712195052	ok
9152d9f	multi_param_cosine_lr_4params_cosine	cmc	4	2	200	0.05	0.0005	16.12388038635254	-22.56163203608894	[-1.2164088487625122, -1.2163689136505127, 0.00015437502588611096, -5.786310453004262e-07]	36.59569250000641	ok
9152d9f	multi_param_cosine_lr_4params_cosine	rrw	4	2	200	0.05	0.0005	2195.062255859375	-2201.5000075091116	[0.0, 0.0014077489031478763, -0.0035746456123888493, 2.985915422439575]	35.90423209400615	ok
9152d9f	multi_param_cosine_lr_4params_cosine	rrw	4	2	200	0.05	0.0005	2226.000732421875	-2232.4384840716116	[0.0, 9.54422489485296e-07, -7.786986202518165e-07, -3.5775861740112305]	35.393820954021066	ok
9152d9f	multi_param_cosine_lr_4params_cosine	cbei	4	2	200	0.05	0.0005	1861.892578125	-1868.3303297747364	[0.0, -0.5705423355102539, 0.007356748450547457, -0.5188873410224915]	43.94383982400177	ok
9152d9f	multi_param_cosine_lr_4params_cosine	cbei	4	2	200	0.05	0.0005	1868.5865478515625	-1875.0242995012989	[0.0, -0.32814881205558777, 0.007507758215069771, -0.4579905569553375]	46.48651110200444	ok
9152d9f	multi_param_cosine_lr_3params_warmup	liley	3	2	150	0.03	0.001	341.9107360839844	-346.7390498212867	[6.509212493896484, 0.0013670178595930338, 0.6472907066345215]	37.49801286001457	ok
9152d9f	multi_param_cosine_lr_3params_warmup	liley	3	2	150	0.03	0.001	342.0072021484375	-346.8355158857398	[6.509269714355469, 0.001356129301711917, 0.647321343421936]	37.58054776798235	ok
9152d9f	multi_param_cosine_lr_3params_warmup	cmc	3	2	150	0.03	0.001	17.135221481323242	-21.963535218625545	[-0.9744206070899963, -0.9743828773498535, -0.6221550703048706]	33.149862463003956	ok
9152d9f	multi_param_cosine_lr_3params_warmup	cmc	3	2	150	0.03	0.001	17.1372127532959	-21.9655264905982	[-0.9744775891304016, -0.9744402766227722, -0.6221142411231995]	32.774406687007286	ok
9152d9f	multi_param_cosine_lr_3params_warmup	rrw	3	2	150	0.03	0.001	2081.099853515625	-2085.9281672529273	[0.0, 0.0034450881648808718, -0.0018372256308794022]	35.28811199194752	ok
9152d9f	multi_param_cosine_lr_3params_warmup	rrw	3	2	150	0.03	0.001	2088.5888671875	-2093.4171809248023	[0.0, 0.001973215490579605, -0.0010975715704262257]	33.00095151900314	ok
9152d9f	multi_param_cosine_lr_3params_warmup	cbei	3	2	150	0.03	0.001	1757.640380859375	-1762.4686945966773	[0.0, -0.12001876533031464, -2.9742777347564697]	29.46357295999769	ok
9152d9f	multi_param_cosine_lr_3params_warmup	cbei	3	2	150	0.03	0.001	1763.195556640625	-1768.0238703779273	[0.0, 0.021805698052048683, -2.885955572128296]	29.273069707967807	ok
9152d9f	multi_param_cosine_lr_6params_aggressive	liley	6	2	200	0.08	0.0002	16.14007568359375	-25.79670315819835	[0.006784667726606131, 5.715169208997395e-07, 1.4872408655719482e-06, -1.4534001593347057e-06, 4.7940568923950195, 0.5420700311660767]	49.31826557801105	ok
9152d9f	multi_param_cosine_lr_6params_aggressive	liley	6	2	200	0.08	0.0002	16.140668869018555	-25.797296343623156	[0.006795543245971203, 5.714547341995058e-07, 1.4872612155159004e-06, -1.4533870853483677e-06, 4.794101715087891, 0.5420506596565247]	49.06614523904864	ok
9152d9f	multi_param_cosine_lr_6params_aggressive	cmc	6	2	200	0.08	0.0002	14.191417694091797	-23.848045168696398	[-1.4221664667129517, -1.422005534172058, 0.00046993367141112685, 0.7123929858207703, 0.000412091234466061, 1.7221299231096054e-07]	43.64836293505505	ok
9152d9f	multi_param_cosine_lr_6params_aggressive	cmc	6	2	200	0.08	0.0002	14.118609428405762	-23.775236903010363	[-1.4271235466003418, -1.426966905593872, 0.00047323605394922197, 0.7355523109436035, 0.0004142944235354662, 2.1469685407282668e-07]	43.64800898201065	ok
9152d9f	multi_param_cosine_lr_6params_aggressive	rrw	6	2	200	0.08	0.0002	2265.485107421875	-2275.1417348964796	[0.0, 0.005127041134983301, -0.010600285604596138, -8.258667776317452e-07, 3.7584660053253174, 5.030486249779642e-07]	44.77471940801479	ok
9152d9f	multi_param_cosine_lr_6params_aggressive	rrw	6	2	200	0.08	0.0002	2382.572021484375	-2392.2286489589796	[0.0, 1.4582763014914235e-06, 4.9664350854072836e-08, 7.155322236940265e-07, -4.546978950500488, -1.2583022908074781e-06]	44.94886338204378	ok
9152d9f	multi_param_cosine_lr_6params_aggressive	cbei	6	2	200	0.08	0.0002	931.9453735351562	-941.6020010097609	[0.0, -1.4613834619522095, -0.0001035678360494785, 5.035341739654541, -1.8511192798614502, -5.805011749267578]	43.898634133976884	ok
9152d9f	multi_param_cosine_lr_6params_aggressive	cbei	6	2	200	0.08	0.0002	nan	nan	[nan, nan, nan, nan, nan, nan]	43.80017035600031	ok
9152d9f	multi_param_cosine_lr_best=4params_cosine	ALL	0	2	0	0.0	0.0	1027.5774602890015	-inf	[]	0.0	ok
9152d9f	cosine_3params_200steps	liley	3	2	200	0.05	0.0005	545.1956787109375	-550.0239924482398	[0.6571919918060303, 3.6361890920488804e-07, -2.09401041502133e-05]	38.29208793200087	ok
9152d9f	cosine_3params_200steps	liley	3	2	200	0.05	0.0005	545.2518920898438	-550.0802058271461	[0.6570687890052795, 3.635416589986562e-07, -2.093219336529728e-05]	38.445449900988024	ok
9152d9f	cosine_3params_200steps	cmc	3	2	200	0.05	0.0005	17.226869583129883	-22.055183320432185	[-1.2141690254211426, -1.2140487432479858, -8.013367391868087e-07]	32.34412120102206	ok
9152d9f	cosine_3params_200steps	cmc	3	2	200	0.05	0.0005	17.23130226135254	-22.05961599865484	[-1.2141717672348022, -1.2140538692474365, -8.01325597876712e-07]	32.332349203992635	ok
9152d9f	cosine_3params_200steps	rrw	3	2	200	0.05	0.0005	2263.712158203125	-2268.5404719404273	[0.0, 1.0147754210265703e-06, -6.031044540577568e-05]	29.861186685040593	ok
9152d9f	cosine_3params_200steps	rrw	3	2	200	0.05	0.0005	2286.583251953125	-2291.4115656904273	[0.0, -6.291132308433589e-07, 0.00011138855188619345]	29.895679267996456	ok
9152d9f	cosine_3params_200steps	cbei	3	2	200	0.05	0.0005	1876.092041015625	-1880.9203547529273	[0.0, -0.04247698560357094, 0.00047949294093996286]	37.832278250018135	ok
9152d9f	cosine_3params_200steps	cbei	3	2	200	0.05	0.0005	1878.84326171875	-1883.6715754560523	[0.0, 0.008997738361358643, 0.0005180403823032975]	37.85566755302716	ok
9152d9f	cosine_3params_200steps	ALL	0	2	0	0.0	0.0	1178.767056941986	-inf	[]	0.0	ok
9152d9f	warmup_4params_300steps	liley	4	2	300	0.08	0.001	20.502832412719727	-26.94058406245613	[0.0032609717454761267, 0.0002684075152501464, -0.00014244791236706078, 4.938145160675049]	58.33315090503311	ok
9152d9f	warmup_4params_300steps	liley	4	2	300	0.08	0.001	20.505290985107422	-26.943042634843824	[0.00326153333298862, -0.00016864523058757186, -0.0003064727352466434, 4.938450813293457]	58.26288784400094	ok
9152d9f	warmup_4params_300steps	cmc	4	2	300	0.08	0.001	16.403602600097656	-22.84135424983406	[-1.215855598449707, -1.2155510187149048, 0.0002994536189362407, 0.00011652352986857295]	47.166872349975165	ok
9152d9f	warmup_4params_300steps	cmc	4	2	300	0.08	0.001	16.410158157348633	-22.847909807085035	[-1.2160357236862183, -1.21571683883667, -0.0002710087283048779, -4.312387318350375e-05]	47.152921839035116	ok
9152d9f	warmup_4params_300steps	rrw	4	2	300	0.08	0.001	2081.099853515625	-2087.5376051653616	[0.0, -0.0004825836804229766, -0.00021477964764926583, 0.002856867853552103]	44.487620043044444	ok
9152d9f	warmup_4params_300steps	rrw	4	2	300	0.08	0.001	2088.5888671875	-2095.0266188372366	[0.0, 0.000687772931996733, 0.0001864987425506115, 0.0013312274822965264]	44.37607858196134	ok
9152d9f	warmup_4params_300steps	cbei	4	2	300	0.08	0.001	1780.3580322265625	-1786.7957838762989	[0.0, -0.35635799169540405, 0.003979227971285582, -0.5328962206840515]	57.32934392394964	ok
9152d9f	warmup_4params_300steps	cbei	4	2	300	0.08	0.001	1786.899169921875	-1793.3369215716114	[0.0, 0.013197517022490501, 0.0027863329742103815, -0.4097271263599396]	57.535494016017765	ok
9152d9f	warmup_4params_300steps	ALL	0	2	0	0.0	0.0	976.3459758758545	-inf	[]	0.0	ok
9152d9f	constant_excitatory_focus_150steps	liley	4	2	150	0.03	0.0002	65.09854888916016	-71.53630053889655	[0.018708162009716034, -0.00038536256761290133, 0.4704079329967499, -4.3414764404296875]	37.063850993989035	ok
9152d9f	constant_excitatory_focus_150steps	liley	4	2	150	0.03	0.0002	65.10254669189453	-71.54029834163093	[0.018708745017647743, -0.0003854208334814757, 0.47043806314468384, -4.341558456420898]	37.025100801023655	ok
9152d9f	constant_excitatory_focus_150steps	cmc	4	2	150	0.03	0.0002	18.392841339111328	-24.83059298884773	[-0.985621452331543, -0.9855396747589111, -0.5890538692474365, -1.1852372153953183e-05]	31.115369190985803	ok
9152d9f	constant_excitatory_focus_150steps	cmc	4	2	150	0.03	0.0002	18.392881393432617	-24.83063304316902	[-0.9855759739875793, -0.9854901432991028, -0.5890630483627319, -1.185228302347241e-05]	31.07661902299151	ok
9152d9f	constant_excitatory_focus_150steps	rrw	4	2	150	0.03	0.0002	1690.469482421875	-1696.9072340716114	[0.0, 4.499997138977051, 0.051599033176898956, 2.662703514099121]	30.814849636051804	ok
9152d9f	constant_excitatory_focus_150steps	rrw	4	2	150	0.03	0.0002	2390.178955078125	-2396.6167067278616	[0.0, -0.26771363615989685, 2.843091351678595e-06, -2.5983939170837402]	30.874969478987623	ok
9152d9f	constant_excitatory_focus_150steps	cbei	4	2	150	0.03	0.0002	1283.7698974609375	-1290.2076491106739	[0.0, 4.1865620613098145, -1.205938696861267, 4.499997138977051]	29.251592985005118	ok
9152d9f	constant_excitatory_focus_150steps	cbei	4	2	150	0.03	0.0002	1286.423583984375	-1292.8613356341114	[0.0, 4.164050579071045, -1.2046823501586914, 4.499997138977051]	29.322697953961324	ok
9152d9f	constant_excitatory_focus_150steps	ALL	0	2	0	0.0	0.0	852.2285921573639	-inf	[]	0.0	ok
9152d9f	cosine_3params_80steps	liley	3	1	80	0.05	0.0005	545.1998291015625	-550.0281428388648	[0.6703253388404846, 5.195756602915935e-05, 0.00021957488206680864]	28.60412269202061	ok
9152d9f	cosine_3params_80steps	cmc	3	1	80	0.05	0.0005	17.227943420410156	-22.05625715771246	[-1.2133270502090454, -1.213327407836914, -0.00023567712923977524]	28.9521291530109	ok
9152d9f	cosine_3params_80steps	rrw	3	1	80	0.05	0.0005	2263.712158203125	-2268.5404719404273	[0.0, -0.00021274067694321275, 0.00017637423297856003]	26.60687167395372	ok
9152d9f	cosine_3params_80steps	ALL	0	1	0	0.0	0.0	942.0466435750326	-inf	[]	0.0	ok
9152d9f	cosine_2params_aggressive_lr	liley	2	2	250	0.1	0.0005	545.195068359375	-548.4139441842432	[0.6571153402328491, -2.1671405193046667e-05]	46.10792436497286	ok
9152d9f	cosine_2params_aggressive_lr	liley	2	2	250	0.1	0.0005	545.2518920898438	-548.4707679147119	[0.6570596098899841, -2.166420927096624e-05]	45.95775771001354	ok
9152d9f	cosine_2params_aggressive_lr	cmc	2	2	250	0.1	0.0005	17.227041244506836	-20.445917069375035	[-1.2142443656921387, -1.213977336883545]	35.9864710450056	ok
9152d9f	cosine_2params_aggressive_lr	cmc	2	2	250	0.1	0.0005	17.229244232177734	-20.448120057045934	[-1.2142393589019775, -1.2139720916748047]	35.84676193399355	ok
9152d9f	cosine_2params_aggressive_lr	rrw	2	2	250	0.1	0.0005	2263.712158203125	-2266.931034027993	[0.0, 1.8361213278694777e-06]	31.852320825040806	ok
9152d9f	cosine_2params_aggressive_lr	rrw	2	2	250	0.1	0.0005	2286.583251953125	-2289.802127777993	[0.0, -1.4726419976796024e-06]	39.614452385983896	ok
9152d9f	warmup_2params_100steps	liley	2	1	100	0.08	0.001	77.43049621582031	-80.64937204068852	[9.34598159790039, -0.0021486631594598293]	40.81350591505179	ok
9152d9f	warmup_2params_100steps	cmc	2	1	100	0.08	0.001	16.402732849121094	-19.621608673989293	[-1.2155150175094604, -1.2154492139816284]	31.401327262050472	ok
9152d9f	warmup_2params_100steps	rrw	2	1	100	0.08	0.001	2081.099853515625	-2084.318729340493	[0.0, 0.0017609666101634502]	16.00161802500952	ok
9152d9f	warmup_2params_100steps	ALL	0	1	0	0.0	0.0	724.9776941935221	-inf	[]	0.0	ok
9152d9f	constant_3params_60steps	liley	3	1	60	0.03	0.0002	487.68194580078125	-492.5102595380836	[0.27881985902786255, 0.0009888525819405913, 0.611428439617157]	20.514854638953693	ok
9152d9f	constant_3params_60steps	cmc	3	1	60	0.03	0.0002	18.650917053222656	-23.47923079052496	[-0.8781381249427795, -0.8781375885009766, -0.8630598187446594]	16.639101231994573	ok
9152d9f	constant_3params_60steps	rrw	3	1	60	0.03	0.0002	2339.147216796875	-2343.9755305341773	[0.0, 1.7999988794326782, -0.0009460996370762587]	14.940284860960674	ok
9152d9f	constant_3params_60steps	ALL	0	1	0	0.0	0.0	948.4933598836263	-inf	[]	0.0	ok
9152d9f	targeted_spectral_sensitivity	liley	5	2	250	0.04	0.0003	36.46622085571289	-44.51341041788339	[-4.601781368255615, -3.6054711216593205e-08, 0.5251065492630005, -3.013964891433716, 0.08885039389133453]	59.232993654033635	ok
9152d9f	targeted_spectral_sensitivity	liley	5	2	250	0.04	0.0003	36.470088958740234	-44.517278520910736	[-4.601905822753906, -3.607247123227353e-08, 0.5251187086105347, -3.0140438079833984, 0.08891649544239044]	59.52177520602709	ok
9152d9f	targeted_spectral_sensitivity	cmc	5	2	250	0.04	0.0003	16.6248836517334	-24.6720732139039	[-1.0835776329040527, 0.00013372537796385586, -0.3535510003566742, 0.00011742911010514945, -1.0836424827575684]	49.177836791961454	ok
9152d9f	targeted_spectral_sensitivity	cmc	5	2	250	0.04	0.0003	16.6240291595459	-24.6712187217164	[-1.0835412740707397, 0.00013377470895648003, -0.3537036180496216, 0.00011718596215359867, -1.083605408668518]	49.261432520987	ok
9152d9f	targeted_spectral_sensitivity	rrw	5	2	250	0.04	0.0003	2351.805908203125	-2359.8530977652954	[8.894297934602946e-06, -0.0004122532845940441, -3.449167351732285e-08, 3.650658086939984e-08, -0.00016663728456478566]	48.897221281018574	ok
9152d9f	targeted_spectral_sensitivity	rrw	5	2	250	0.04	0.0003	2396.238525390625	-2404.2857149527954	[-8.809910468698945e-06, 0.0008527497411705554, 3.3258537257552234e-08, 4.1001889883318654e-08, 0.0004948452115058899]	48.95561974600423	ok
9152d9f	targeted_spectral_sensitivity	cbei	5	2	250	0.04	0.0003	1884.534423828125	-1892.5816133902954	[-0.5130875706672668, 0.06417407840490341, 0.455265074968338, -0.37959036231040955, 0.002885345136746764]	60.00171300402144	ok
9152d9f	targeted_spectral_sensitivity	cbei	5	2	250	0.04	0.0003	1889.800048828125	-1897.8472383902954	[-0.46908825635910034, 0.2205522209405899, 0.4092318117618561, -0.23897966742515564, 0.002330552553758025]	59.94121871801326	ok
9152d9f	minimal_2param_high_lr	liley	2	2	300	0.1	0.0001	422.52191162109375	-425.7407874459619	[0.6223003268241882, -3.181218385696411]	64.88525291898986	ok
9152d9f	minimal_2param_high_lr	liley	2	2	300	0.1	0.0001	422.5316467285156	-425.7505225533838	[0.6223019361495972, -3.1812257766723633]	64.85776171699399	ok
9152d9f	minimal_2param_high_lr	cmc	2	2	300	0.1	0.0001	18.70038414001465	-21.919259964882848	[-2.4222779273986816, 1.3418331036518794e-05]	43.31932783004595	ok
9152d9f	minimal_2param_high_lr	cmc	2	2	300	0.1	0.0001	18.700706481933594	-21.919582306801793	[-2.4222605228424072, 1.342261293757474e-05]	43.224023600982036	ok
9152d9f	minimal_2param_high_lr	rrw	2	2	300	0.1	0.0001	2465.3583984375	-2468.577274262368	[3.031229425687343e-06, -0.00011715685832314193]	52.177562638011295	ok
9152d9f	minimal_2param_high_lr	rrw	2	2	300	0.1	0.0001	2606.53466796875	-2609.753543793618	[-5.760188287240453e-06, 0.0003908243961632252]	52.01247991103446	ok
9152d9f	minimal_2param_high_lr	cbei	2	2	300	0.1	0.0001	1897.9515380859375	-1901.1704139108058	[-0.5081253051757812, -0.1788465827703476]	56.8011869280017	ok
9152d9f	minimal_2param_high_lr	cbei	2	2	300	0.1	0.0001	1900.159912109375	-1903.3787879342433	[-0.49579811096191406, -0.15902858972549438]	56.80794252397027	ok
9152d9f	connectivity_focused_warmup	liley	5	2	200	0.05	0.0005	16.960895538330078	-25.00808510050058	[5.178625106811523, 0.0013412812259048223, -1.4358742237091064, -0.00030091608641669154, 0.0010430379770696163]	36.99373353901319	ok
9152d9f	connectivity_focused_warmup	liley	5	2	200	0.05	0.0005	16.96636962890625	-25.01355919107675	[5.178688049316406, 0.001638270216062665, -1.4359171390533447, -0.0003009633510373533, 0.001043021446093917]	36.991309878008906	ok
9152d9f	connectivity_focused_warmup	cmc	5	2	200	0.05	0.0005	16.22346305847168	-24.27065262064218	[0.00047731795348227024, -0.0010663701687008142, 0.0009994887514039874, 0.00204851315356791, -2.431816577911377]	30.915869713004213	ok
9152d9f	connectivity_focused_warmup	cmc	5	2	200	0.05	0.0005	16.228229522705078	-24.27541908487558	[0.00049616489559412, -0.0031768917106091976, 0.0008342501241713762, 0.0020375654567033052, -2.4318294525146484]	30.98119434999535	ok
9152d9f	connectivity_focused_warmup	rrw	5	2	200	0.05	0.0005	2263.712158203125	-2271.7593477652954	[-0.00192883366253227, 0.002599772997200489, 9.250409493688494e-05, 0.00010817500879056752, 0.00021567728254012764]	33.367301835969556	ok
9152d9f	connectivity_focused_warmup	rrw	5	2	200	0.05	0.0005	2286.583251953125	-2294.6304415152954	[-0.0023476318456232548, 0.0006407455075532198, -0.0012005502358078957, -0.0024066756013780832, 0.0005167914787307382]	33.48241940402659	ok
9152d9f	connectivity_focused_warmup	cbei	5	2	200	0.05	0.0005	1874.6982421875	-1882.7454317496704	[0.20116682350635529, 0.0010576631175354123, -2.180267810821533, -0.0061058891005814075, 0.0]	40.12635127402609	ok
9152d9f	connectivity_focused_warmup	cbei	5	2	200	0.05	0.0005	1773.9840087890625	-1782.031198351233	[10.022424697875977, -0.0017202973831444979, -2.0088346004486084, 0.0012372592464089394, 0.0]	40.14668139000423	ok
9152d9f	default	liley	5	2	150	0.04	0.0003	49.54307556152344	-57.59026512369394	[-3.0200002193450928, -1.1641352557489881e-06, 0.7173255085945129, -2.685845375061035, 0.9749796390533447]	59.0378833800205	ok
9152d9f	default	liley	5	2	150	0.04	0.0003	49.549442291259766	-57.59663185343027	[-3.0200002193450928, -1.1618564030868583e-06, 0.7173498272895813, -2.6858816146850586, 0.975318193435669]	60.294795445981435	ok
9152d9f	default	cmc	5	2	150	0.04	0.0003	17.033302307128906	-25.080491869299408	[-0.9238419532775879, 0.00010716314136516303, -0.7430126667022705, 9.275304910261184e-05, -0.9238619208335876]	48.77154333697399	ok
9152d9f	default	cmc	5	2	150	0.04	0.0003	17.03450584411621	-25.081695406286713	[-0.9238676428794861, 0.00010721771832322702, -0.7429941892623901, 9.254446194972843e-05, -0.9238868951797485]	54.835399306961335	ok
9152d9f	default	rrw	5	2	150	0.04	0.0003	2351.805908203125	-2359.8530977652954	[-1.4650155435447232e-06, -0.00040289791650138795, 9.762110266819946e-07, -3.7429711028380552e-06, -0.00015636871103197336]	59.79702168900985	ok
9152d9f	default	rrw	5	2	150	0.04	0.0003	2396.238525390625	-2404.2857149527954	[1.5462056808246416e-06, 0.0008462172118015587, -1.1659896017590654e-06, -2.652034254424507e-06, 0.00048588719801045954]	59.81600816099672	ok
9152d9f	default	cbei	5	2	150	0.04	0.0003	1884.535888671875	-1892.5830782340454	[-0.5129245519638062, 0.06567943841218948, 0.4550669491291046, -0.379366397857666, 0.0028778163250535727]	74.15690931596328	ok
f5d1783	default	cbei	5	2	150	0.04	0.0003	1889.7989501953125	-1897.846139757483	[-0.46908923983573914, 0.21879148483276367, 0.4098983108997345, -0.23885266482830048, 0.0023472514003515244]	82.25558360101422	ok
9152d9f	low_noise_stable_constant	liley	4	2	200	0.02	1e-05	57.10050964355469	-63.538261293291086	[0.09975496679544449, -1.4303435591500602e-07, 0.5685727596282959, -3.9999969005584717]	55.854956905997824	ok
9152d9f	low_noise_stable_constant	liley	4	2	200	0.02	1e-05	57.10427474975586	-63.54202639949226	[0.09975966066122055, -1.4303429907158716e-07, 0.5685899257659912, -3.9999969005584717]	63.90774395596236	ok
9152d9f	low_noise_stable_constant	cmc	4	2	200	0.02	1e-05	16.828468322753906	-23.26621997249031	[-1.095284104347229, -1.0952012538909912, -0.322621613740921, 4.3610162947516073e-07]	58.47847088298295	ok
9152d9f	low_noise_stable_constant	cmc	4	2	200	0.02	1e-05	16.829477310180664	-23.267228959917066	[-1.0953906774520874, -1.095306396484375, -0.32230812311172485, 4.363166112852923e-07]	60.13679950800724	ok
9152d9f	low_noise_stable_constant	rrw	4	2	200	0.02	1e-05	2554.947509765625	-2561.3852614153616	[0.0, 9.479802429268602e-06, -2.4131585973918845e-07, -0.0006682576495222747]	66.00352389301406	ok
9152d9f	low_noise_stable_constant	rrw	4	2	200	0.02	1e-05	2584.189208984375	-2590.6269606341116	[0.0, 1.1439365152909886e-05, -1.7748698155628517e-07, -0.000945356790907681]	66.23068247595802	ok
f5d1783	default	liley	2	2	150	0.1	0.0001	422.53668212890625	-425.7555579537744	[0.6222888827323914, -3.203914165496826]	44.23256362800021	ok
f5d1783	default	liley	2	2	150	0.1	0.0001	422.538330078125	-425.7572059029932	[0.6222857236862183, -3.2039272785186768]	39.84716892702272	ok
f5d1783	default	cmc	2	2	150	0.1	0.0001	18.700645446777344	-21.919521271645543	[-2.4219069480895996, -1.1964784789597616e-05]	26.361403456015978	ok
f5d1783	default	cmc	2	2	150	0.1	0.0001	18.701602935791016	-21.920478760659215	[-2.4219024181365967, -1.1962614735239185e-05]	25.857958009000868	ok
f5d1783	default	rrw	2	2	150	0.1	0.0001	2465.3583984375	-2468.577274262368	[-2.3281312678591348e-05, -9.054491965798661e-05]	31.303694166999776	ok
f5d1783	default	rrw	2	2	150	0.1	0.0001	2606.53466796875	-2609.753543793618	[2.0819548808503896e-05, 0.00036487015313468874]	31.352702659962233	ok
f5d1783	default	cbei	2	2	150	0.1	0.0001	1897.95166015625	-1901.1705359811183	[-0.5080527663230896, -0.17878971993923187]	33.47786266700132	ok
f5d1783	default	cbei	2	2	150	0.1	0.0001	1900.1595458984375	-1903.3784217233058	[-0.49574023485183716, -0.1589180827140808]	33.06667411798844	ok
f5d1783	default	liley	4	2	150	0.02	1e-05	75.74739837646484	-82.18515002620124	[0.31532856822013855, -6.386257155099884e-06, 0.6830651164054871, -2.999997854232788]	34.871496959007345	ok
f5d1783	default	liley	4	2	150	0.02	1e-05	75.75773620605469	-82.19548785579109	[0.31534644961357117, -6.386257155099884e-06, 0.6830571889877319, -2.999997854232788]	34.667859857028816	ok
f5d1783	default	cmc	4	2	150	0.02	1e-05	17.123987197875977	-23.56173884761238	[-0.9820218086242676, -0.9819818735122681, -0.6042719483375549, -1.555889866722282e-06]	31.016623720992357	ok
f5d1783	default	cmc	4	2	150	0.02	1e-05	17.12474822998047	-23.56249987971687	[-0.9820776581764221, -0.9820376038551331, -0.60407555103302, -1.5557025108137168e-06]	31.06514776899712	ok
f5d1783	default	rrw	4	2	150	0.02	1e-05	2554.947509765625	-2561.3852614153616	[0.0, 7.376680514425971e-06, 4.1311436689284164e-06, -0.0006620428175665438]	31.40976581600262	ok
f5d1783	default	rrw	4	2	150	0.02	1e-05	2584.189208984375	-2590.6269606341116	[0.0, 9.442307600693312e-06, 4.621995685738511e-06, -0.0009445789037272334]	31.530508438998368	ok
f5d1783	default	cbei	4	2	150	0.02	1e-05	1577.044677734375	-1583.4824293841114	[0.0, 2.0345025062561035, -2.181389093399048, 2.999997854232788]	29.207342026988044	ok
f5d1783	default	cbei	4	2	150	0.02	1e-05	1577.0357666015625	-1583.4735182512989	[0.0, 2.035292148590088, -2.1813058853149414, 2.999997854232788]	29.23339763598051	ok
f5d1783	targeted_exploration_best=low_noise_stable_constant	ALL	0	2	0	0.0	0.0	1059.8713791370392	-inf	[]	0.0	ok
f5d1783	high_lr_cosine_excitatory_4models	liley	3	2	100	0.1	0.0003	22.09972381591797	-26.92803755322027	[-0.0026956964284181595, 4.213269233703613, 0.9937198162078857]	25.836696187965572	ok
f5d1783	high_lr_cosine_excitatory_4models	liley	3	2	100	0.1	0.0003	22.10605239868164	-26.934366135983943	[-0.0026991963386535645, 4.213307857513428, 0.9935958981513977]	25.72121878695907	ok
f5d1783	high_lr_cosine_excitatory_4models	cmc	3	2	100	0.1	0.0003	18.357406616210938	-23.18572035351324	[-1.3778389692306519, -1.2707258462905884, 0.00033335000625811517]	22.86662108701421	ok
f5d1783	high_lr_cosine_excitatory_4models	cmc	3	2	100	0.1	0.0003	18.358062744140625	-23.186376481442927	[-1.377726435661316, -1.2708725929260254, 0.0003333533531986177]	22.999356342013925	ok
f5d1783	high_lr_cosine_excitatory_4models	rrw	3	2	100	0.1	0.0003	2030.32373046875	-2035.1520442060523	[5.0500006675720215, 0.0022888013627380133, 0.21338900923728943]	21.45554907002952	ok
f5d1783	high_lr_cosine_excitatory_4models	rrw	3	2	100	0.1	0.0003	2378.0751953125	-2382.9035090498023	[-2.5372443199157715, -0.0003544687060639262, -0.00035424254019744694]	21.487851525016595	ok
f5d1783	high_lr_cosine_excitatory_4models	cbei	3	2	100	0.1	0.0003	1134.83203125	-1139.6603449873023	[1.222967505455017, -5.0500006675720215, -5.0500006675720215]	24.659362160949968	ok
f5d1783	high_lr_cosine_excitatory_4models	cbei	3	2	100	0.1	0.0003	1641.6326904296875	-1646.4610041669898	[-1.063448190689087, -3.157540798187256, -5.0500006675720215]	24.55028649099404	ok
f5d1783	high_lr_cosine_excitatory_4models	ALL	0	2	0	0.0	0.0	908.2231116294861	-inf	[]	0.0	ok
f5d1783	warmup_ei_balance_4models	liley	4	2	80	0.06	0.0005	545.198486328125	-551.6362379778614	[0.6578715443611145, 0.00014633616956416517, 0.0001837123418226838, -0.00018830547924153507]	21.038294656027574	ok
f5d1783	warmup_ei_balance_4models	liley	4	2	80	0.06	0.0005	545.2767333984375	-551.7144850481739	[0.6578211784362793, 0.00014636776177212596, 0.00018371728947386146, -0.00018830561020877212]	20.974485972023103	ok
f5d1783	warmup_ei_balance_4models	cmc	4	2	80	0.06	0.0005	17.234764099121094	-23.672515748857496	[-1.2097773551940918, -1.209749460220337, -0.0011888742446899414, 0.0020310510881245136]	17.82052734401077	ok
f5d1783	warmup_ei_balance_4models	cmc	4	2	80	0.06	0.0005	17.238935470581055	-23.676687120317457	[-1.2096079587936401, -1.2095826864242554, -0.0017755469307303429, 0.0020852142479270697]	17.896200425049756	ok
f5d1783	warmup_ei_balance_4models	rrw	4	2	80	0.06	0.0005	2263.72021484375	-2270.1579664934866	[0.0, -0.0002030664763879031, 0.00018504724721424282, 0.00015001118299551308]	16.303835541009903	ok
f5d1783	warmup_ei_balance_4models	rrw	4	2	80	0.06	0.0005	2286.625244140625	-2293.0629957903616	[0.0, 0.00020899507217109203, -0.00015062029706314206, 0.00010023725917562842]	16.207119891012553	ok
f5d1783	warmup_ei_balance_4models	cbei	4	2	80	0.06	0.0005	1875.5107421875	-1881.9484938372364	[0.0, 8.109008194878697e-05, -0.005162387154996395, -0.9196836352348328]	20.61937788495561	ok
f5d1783	warmup_ei_balance_4models	cbei	4	2	80	0.06	0.0005	1875.7066650390625	-1882.1444166887989	[0.0, 0.06664006412029266, -0.0025844078045338392, -1.5038278102874756]	20.53936001897091	ok
f5d1783	warmup_ei_balance_4models	ALL	0	2	0	0.0	0.0	1178.3139731884003	-inf	[]	0.0	ok
f5d1783	constant_minimal_1param_lownoise	liley	1	2	120	0.04	0.0001	330.6917724609375	-332.3012103733716	[6.945948123931885]	24.50951833598083	ok
f5d1783	constant_minimal_1param_lownoise	liley	1	2	120	0.04	0.0001	330.722900390625	-332.3323383030591	[6.945939540863037]	24.195839038002305	ok
f5d1783	constant_minimal_1param_lownoise	cmc	1	2	120	0.04	0.0001	16.495174407958984	-18.104612320393084	[-2.4261441230773926]	16.653097914007958	ok
f5d1783	constant_minimal_1param_lownoise	cmc	1	2	120	0.04	0.0001	16.49620246887207	-18.10564038130617	[-2.426093578338623]	16.52420164702926	ok
f5d1783	constant_minimal_1param_lownoise	rrw	1	2	120	0.04	0.0001	2465.365478515625	-2466.9749164280593	[-6.291994941420853e-05]	17.68685697100591	ok
f5d1783	constant_minimal_1param_lownoise	rrw	1	2	120	0.04	0.0001	2606.57861328125	-2608.1880511936843	[5.098018664284609e-05]	17.593912452983204	ok
f5d1783	constant_minimal_1param_lownoise	cbei	1	2	120	0.04	0.0001	1912.9697265625	-1914.579164474934	[-0.06601662933826447]	23.73108391900314	ok
f5d1783	constant_minimal_1param_lownoise	cbei	1	2	120	0.04	0.0001	1914.3287353515625	-1915.9381732639965	[-0.027508873492479324]	23.42917487898376	ok
f5d1783	constant_minimal_1param_lownoise	ALL	0	2	0	0.0	0.0	1199.2060754299164	-inf	[]	0.0	ok
f5d1783	cosine_timeconstants_4models	liley	4	2	90	0.07	0.0004	55.09733200073242	-61.53508365046882	[-3.1849985122680664, 7.41545227356255e-05, 0.6910101771354675, -2.433389186859131]	28.62102922401391	ok
f5d1783	cosine_timeconstants_4models	liley	4	2	90	0.07	0.0004	55.1102294921875	-61.5479811419239	[-3.1849985122680664, 7.405952783301473e-05, 0.6910494565963745, -2.4335148334503174]	28.441865552973468	ok
f5d1783	cosine_timeconstants_4models	cmc	4	2	90	0.07	0.0004	19.325660705566406	-25.76341235530281	[-1.3013839721679688, -0.000189687343663536, -1.3404700756072998, -0.00019280351989436895]	23.147599746997003	ok
f5d1783	cosine_timeconstants_4models	cmc	4	2	90	0.07	0.0004	19.327991485595703	-25.765743135332105	[-1.3013914823532104, -0.00018962599278893322, -1.340454339981079, -0.0001928363781189546]	23.047964477038477	ok
f5d1783	cosine_timeconstants_4models	rrw	4	2	90	0.07	0.0004	1819.888427734375	-1826.3261793841114	[-0.00021766682039014995, -0.00017584713350515813, 2.6296703815460205, 3.1849985122680664]	31.798729998001363	ok
f5d1783	cosine_timeconstants_4models	rrw	4	2	90	0.07	0.0004	2277.112548828125	-2283.5503004778616	[-0.00016299633716698736, -0.00016820263408590108, -2.6554830074310303, -0.4128495454788208]	31.778097277972847	ok
f5d1783	cosine_timeconstants_4models	cbei	4	2	90	0.07	0.0004	1874.2611083984375	-1880.6988600481739	[-0.535573422908783, 0.16974471509456635, 0.19999276101589203, -0.29140737652778625]	28.722644661960658	ok
f5d1783	cosine_timeconstants_4models	cbei	4	2	90	0.07	0.0004	1880.2833251953125	-1886.7210768450489	[-0.4940487742424011, 0.3408380448818207, 0.16415533423423767, -0.409290075302124]	28.720126423984766	ok
f5d1783	cosine_timeconstants_4models	ALL	0	2	0	0.0	0.0	1000.0508279800415	-inf	[]	0.0	ok
f5d1783	targeted_spectral_sensitivity_timescale_params	liley	5	2	250	0.04	0.0003	36.46622085571289	-44.51341041788339	[-4.601781368255615, -3.6054711216593205e-08, 0.5251065492630005, -3.013964891433716, 0.08885039389133453]	59.07615970703773	ok
f5d1783	targeted_spectral_sensitivity_timescale_params	liley	5	2	250	0.04	0.0003	36.470088958740234	-44.517278520910736	[-4.601905822753906, -3.607247123227353e-08, 0.5251187086105347, -3.0140438079833984, 0.08891649544239044]	59.5716749879648	ok
f5d1783	targeted_spectral_sensitivity_timescale_params	cmc	5	2	250	0.04	0.0003	16.6248836517334	-24.6720732139039	[-0.3535510003566742, 0.00011742911010514945, -1.0835776329040527, 0.00013372537796385586, -1.0836424827575684]	49.182089671026915	ok
f5d1783	targeted_spectral_sensitivity_timescale_params	cmc	5	2	250	0.04	0.0003	16.6240291595459	-24.6712187217164	[-0.3537036180496216, 0.00011718596215359867, -1.0835412740707397, 0.00013377470895648003, -1.083605408668518]	49.10973850701703	ok
f5d1783	targeted_spectral_sensitivity_timescale_params	rrw	5	2	250	0.04	0.0003	2351.805908203125	-2359.8530977652954	[-0.0001666149910306558, -0.00014407539856620133, 8.893015547073446e-06, -0.00041220011189579964, -3.449167707003653e-08]	50.248598092002794	ok
f5d1783	targeted_spectral_sensitivity_timescale_params	rrw	5	2	250	0.04	0.0003	2396.238525390625	-2404.2857149527954	[0.0004951103474013507, 0.0008684523636475205, -8.816049557935912e-06, 0.00085341656813398, 3.325873265680457e-08]	50.48648298799526	ok
f5d1783	targeted_spectral_sensitivity_timescale_params	cbei	5	2	250	0.04	0.0003	1792.7872314453125	-1800.834421007483	[-4.110668182373047, 1.6106579303741455, 5.812402248382568, -0.0010037138126790524, 0.0]	53.68692991900025	ok
f5d1783	targeted_spectral_sensitivity_timescale_params	cbei	5	2	250	0.04	0.0003	1791.9696044921875	-1800.016794054358	[-4.047380447387695, 1.5175244808197021, 5.97385835647583, -0.0010681923013180494, 0.0]	53.95701143098995	ok
f5d1783	minimal_params_high_lr_2params_cosine	liley	2	2	300	0.1	0.0001	487.6376037597656	-490.8564795846338	[0.6186881065368652, 0.5715610384941101]	57.440561256953515	ok
f5d1783	minimal_params_high_lr_2params_cosine	liley	2	2	300	0.1	0.0001	487.6463623046875	-490.8652381295557	[0.6186841726303101, 0.5715629458427429]	57.13579990400467	ok
f5d1783	minimal_params_high_lr_2params_cosine	cmc	2	2	300	0.1	0.0001	18.76779556274414	-21.98667138761234	[-0.9656036496162415, -1.6481190919876099]	50.19719495298341	ok
f5d1783	minimal_params_high_lr_2params_cosine	cmc	2	2	300	0.1	0.0001	18.770544052124023	-21.989419876992223	[-0.9655090570449829, -1.6481997966766357]	50.096729070995934	ok
f5d1783	minimal_params_high_lr_2params_cosine	rrw	2	2	300	0.1	0.0001	2465.3583984375	-2468.577274262368	[-0.00011715685832314193, 3.031229425687343e-06]	52.2343854890205	ok
f5d1783	minimal_params_high_lr_2params_cosine	rrw	2	2	300	0.1	0.0001	2606.53466796875	-2609.753543793618	[0.0003908243961632252, -5.760188287240453e-06]	52.19779964501504	ok
f5d1783	minimal_params_high_lr_2params_cosine	cbei	2	2	300	0.1	0.0001	1912.9635009765625	-1916.1823768014308	[0.00574515201151371, -0.01720254123210907]	54.61542925599497	ok
f5d1783	minimal_params_high_lr_2params_cosine	cbei	2	2	300	0.1	0.0001	1914.286376953125	-1917.5052527779933	[-0.0023290696553885937, -0.006963689811527729]	54.71273890003795	ok
f5d1783	connectivity_warmup_long_connectivity_5params	liley	5	2	200	0.05	0.0005	16.938343048095703	-24.985532610266205	[5.185033321380615, 0.0015118977753445506, -1.3113067150115967, -0.0003001993172802031, 0.0010430379770696163]	37.13328972097952	ok
f5d1783	connectivity_warmup_long_connectivity_5params	liley	5	2	200	0.05	0.0005	16.93903923034668	-24.98622879251718	[5.185072898864746, 0.0016883377684280276, -1.3113577365875244, -0.00030024812440387905, 0.001043021446093917]	37.04717801295919	ok
f5d1783	connectivity_warmup_long_connectivity_5params	cmc	5	2	200	0.05	0.0005	16.22350311279297	-24.27069267496347	[0.0004655313096009195, -0.004381059668958187, 0.0017711876425892115, 0.002072101691737771, -2.431844711303711]	30.965553714020643	ok
f5d1783	connectivity_warmup_long_connectivity_5params	cmc	5	2	200	0.05	0.0005	16.226226806640625	-24.273416368811127	[0.0005087493336759508, -0.0006093629053793848, -0.0005228875670582056, 0.002080588135868311, -2.4319002628326416]	30.844309434993193	ok
f5d1783	connectivity_warmup_long_connectivity_5params	rrw	5	2	200	0.05	0.0005	2263.712158203125	-2271.7593477652954	[-0.001928830286487937, 0.002113002585247159, -0.0004299007123336196, 0.00010817829752340913, -0.00016622242401354015]	32.95441920898156	ok
f5d1783	connectivity_warmup_long_connectivity_5params	rrw	5	2	200	0.05	0.0005	2286.583251953125	-2294.6304415152954	[-0.0023476318456232548, 0.0006439796998165548, -0.000379545905161649, -0.002406877698376775, 0.00011829473078250885]	32.86521888599964	ok
f5d1783	connectivity_warmup_long_connectivity_5params	cbei	5	2	200	0.05	0.0005	1874.6982421875	-1882.7454317496704	[0.20116682350635529, 0.0010576631175354123, -2.180267810821533, -0.0061058891005814075, 0.0]	40.18309245700948	ok
f5d1783	connectivity_warmup_long_connectivity_5params	cbei	5	2	200	0.05	0.0005	1773.986572265625	-1782.0337618277954	[10.07125473022461, -0.0004136310890316963, -1.9887217283248901, 0.0012023106683045626, 0.0]	40.12909861502703	ok
f5d1783	coarse_fine_constant_coarse_pass	liley	4	2	100	0.08	0.001	24.185304641723633	-30.623056291460035	[9.73667049407959, -0.00011686439393088222, -0.4267045557498932, -3.414031744003296]	26.57903508900199	ok
f5d1783	coarse_fine_constant_coarse_pass	liley	4	2	100	0.08	0.001	24.18920135498047	-30.62695300471687	[9.7367582321167, -0.00011690790415741503, -0.4266357421875, -3.413968563079834]	27.04137491597794	ok
f5d1783	coarse_fine_constant_coarse_pass	cmc	4	2	100	0.08	0.001	16.45393943786621	-22.891691087602613	[-1.0802054405212402, -1.0801582336425781, -0.3589009940624237, 0.0004322224704083055]	23.827946093981154	ok
f5d1783	coarse_fine_constant_coarse_pass	cmc	4	2	100	0.08	0.001	16.45755958557129	-22.89531123530769	[-1.080733299255371, -1.0806875228881836, -0.3575119972229004, 0.00043222433305345476]	24.302733056014404	ok
f5d1783	all4_spectral_shape_cosine_120steps	liley	4	2	120	0.06	0.0003	467.8893127441406	-474.32706439387704	[4.4688191413879395, -9.504570698481984e-06, 0.6240537166595459, 2.1718993593822233e-05]	30.7920023429906	ok
f5d1783	all4_spectral_shape_cosine_120steps	liley	4	2	120	0.06	0.0003	467.93438720703125	-474.37213885676766	[4.468881130218506, -9.506951755611226e-06, 0.6240602135658264, 2.1722189558204263e-05]	30.74423819402	ok
f5d1783	all4_spectral_shape_cosine_120steps	cmc	4	2	120	0.06	0.0003	17.538597106933594	-23.976348756669996	[-0.9216029644012451, -0.921588122844696, -1.9117904230370186e-05, -0.7457332611083984]	26.863290362991393	ok
f5d1783	all4_spectral_shape_cosine_120steps	cmc	4	2	120	0.06	0.0003	17.538238525390625	-23.975990175127027	[-0.9216763973236084, -0.9216620326042175, -1.911404251586646e-05, -0.7455571293830872]	27.043542217987124	ok
f5d1783	all4_spectral_shape_cosine_120steps	rrw	4	2	120	0.06	0.0003	2248.02587890625	-2254.4636305559866	[0.0, 0.000582846172619611, -0.0014574399683624506, 3.2371394634246826]	22.663691537978593	ok
f5d1783	all4_spectral_shape_cosine_120steps	rrw	4	2	120	0.06	0.0003	2326.197021484375	-2332.6347731341116	[0.0, 4.887193790636957e-05, -5.045672151027247e-05, -3.0680103302001953]	22.678935948002618	ok
f5d1783	all4_spectral_shape_cosine_120steps	cbei	4	2	120	0.06	0.0003	1884.6781005859375	-1891.1158522356739	[0.0, -0.2655406594276428, 0.002738868584856391, -0.5122670531272888]	28.03995634597959	ok
f5d1783	all4_spectral_shape_cosine_120steps	cbei	4	2	120	0.06	0.0003	1889.99609375	-1896.4338453997364	[0.0, -0.18678121268749237, 0.002842440502718091, -0.4759550094604492]	28.140198548033368	ok
f5d1783	all4_spectral_shape_cosine_120steps	ALL	0	2	0	0.0	0.0	1164.9747037887573	-inf	[]	0.0	ok
f5d1783	all4_minimal_params_warmup_150steps	liley	2	2	150	0.1	0.0005	32.287025451660156	-35.505901276528355	[11.37816047668457, 1.150130271911621]	33.51155370200286	ok
f5d1783	all4_minimal_params_warmup_150steps	liley	2	2	150	0.1	0.0005	32.29008102416992	-35.50895684903812	[11.378259658813477, 1.1499298810958862]	33.47948852198897	ok
f5d1783	all4_minimal_params_warmup_150steps	cmc	2	2	150	0.1	0.0005	16.120868682861328	-19.339744507729527	[-1.2164075374603271, -1.216133713722229]	24.206128693011124	ok
f5d1783	all4_minimal_params_warmup_150steps	cmc	2	2	150	0.1	0.0005	16.169483184814453	-19.388359009682652	[-1.2057099342346191, -1.2056220769882202]	24.261261178005952	ok
f5d1783	all4_minimal_params_warmup_150steps	rrw	2	2	150	0.1	0.0005	2263.72021484375	-2266.939090668618	[0.0, -0.000887671485543251]	21.486682085960638	ok
f5d1783	all4_minimal_params_warmup_150steps	rrw	2	2	150	0.1	0.0005	2286.625244140625	-2289.844119965493	[0.0, 0.0046998243778944016]	21.281899583991617	ok
f5d1783	all4_minimal_params_warmup_150steps	cbei	2	2	150	0.1	0.0005	1876.0966796875	-1879.3155555123683	[0.0, -0.15323930978775024]	28.554135165002663	ok
f5d1783	all4_minimal_params_warmup_150steps	cbei	2	2	150	0.1	0.0005	1878.8856201171875	-1882.1044959420558	[0.0, 0.03733128681778908]	28.564278405043297	ok
f5d1783	all4_minimal_params_warmup_150steps	ALL	0	2	0	0.0	0.0	1050.274402141571	-inf	[]	0.0	ok
f5d1783	all4_ei_balance_constant_100steps	liley	4	2	100	0.04	0.0001	546.2427368164062	-552.6804884661426	[0.2952646017074585, -5.853173206560314e-05, -0.0002319232007721439, 0.00021933946118224412]	23.976592207036447	ok
f5d1783	all4_ei_balance_constant_100steps	liley	4	2	100	0.04	0.0001	546.2755737304688	-552.7133253802051	[0.29527369141578674, -5.853763286722824e-05, -0.00023192285152617842, 0.00021933946118224412]	23.859411052020732	ok
f5d1783	all4_ei_balance_constant_100steps	cmc	4	2	100	0.04	0.0001	18.059717178344727	-24.49746882808113	[-1.2100976705551147, 0.00021683008526451886, 0.0004704532620962709, -1.2100152969360352]	20.49136681400705	ok
f5d1783	all4_ei_balance_constant_100steps	cmc	4	2	100	0.04	0.0001	18.06159019470215	-24.49934184443855	[-1.2100569009780884, 0.00021683012892026454, 0.00047402578638866544, -1.2099729776382446]	20.450994524988346	ok
f5d1783	all4_ei_balance_constant_100steps	rrw	4	2	100	0.04	0.0001	2465.365478515625	-2471.8032301653616	[0.0, 0.0002167373604606837, -0.0003884577308781445, -9.407696779817343e-06]	18.75126942800125	ok
f5d1783	all4_ei_balance_constant_100steps	rrw	4	2	100	0.04	0.0001	2606.57861328125	-2613.0163649309866	[0.0, -0.00022053727298043668, 0.0007016783929429948, -5.251800757832825e-05]	18.76382058300078	ok
f5d1783	all4_ei_balance_constant_100steps	cbei	4	2	100	0.04	0.0001	1868.5047607421875	-1874.9425123919239	[0.0, 0.02379629760980606, -1.3235410451889038, -2.7500104904174805]	22.468489616992883	ok
f5d1783	all4_ei_balance_constant_100steps	cbei	4	2	100	0.04	0.0001	1869.224609375	-1875.6623610247364	[0.0, 0.028901539742946625, -1.4031105041503906, -2.75264048576355]	22.435279939032625	ok
f5d1783	all4_ei_balance_constant_100steps	ALL	0	2	0	0.0	0.0	1242.289134979248	-inf	[]	0.0	ok
f5d1783	all4_timeconstants_cosine_lownoise_90steps	liley	4	2	90	0.05	0.0001	76.65941619873047	-83.09716784846687	[0.7007938027381897, -2.1987175941467285, -2.2749991416931152, 5.441484972834587e-05]	28.52624403499067	ok
f5d1783	all4_timeconstants_cosine_lownoise_90steps	liley	4	2	90	0.05	0.0001	76.68013763427734	-83.11788928401374	[0.7007970213890076, -2.1987361907958984, -2.2749991416931152, 5.442191468318924e-05]	28.534185602969956	ok
f5d1783	all4_timeconstants_cosine_lownoise_90steps	cmc	4	2	90	0.05	0.0001	18.92027473449707	-25.358026384233472	[-1.3123486042022705, -0.00014411089068744332, -1.333957552909851, -0.0001469424314564094]	23.07344278501114	ok
f5d1783	all4_timeconstants_cosine_lownoise_90steps	cmc	4	2	90	0.05	0.0001	18.92168426513672	-25.35943591487312	[-1.3123383522033691, -0.00014409516006708145, -1.3339462280273438, -0.00014694902347400784]	23.109509456029627	ok
f5d1783	all4_timeconstants_cosine_lownoise_90steps	rrw	4	2	90	0.05	0.0001	2300.0224609375	-2306.4602125872366	[-0.00010241375275654718, -9.4036222435534e-05, 2.2749991416931152, 6.554502760991454e-05]	25.629496444016695	ok
f5d1783	all4_timeconstants_cosine_lownoise_90steps	rrw	4	2	90	0.05	0.0001	2473.136962890625	-2479.5747145403616	[-0.0001528716238681227, -0.0001621441333554685, -2.273953914642334, 0.00012049906217725947]	25.69779867399484	ok
f5d1783	all4_timeconstants_cosine_lownoise_90steps	cbei	4	2	90	0.05	0.0001	1897.923095703125	-1904.3608473528614	[-0.5040031671524048, 0.06786679476499557, 0.1917567402124405, -0.14078247547149658]	28.15433709998615	ok
f5d1783	all4_timeconstants_cosine_lownoise_90steps	cbei	4	2	90	0.05	0.0001	1900.1588134765625	-1906.5965651262989	[-0.4900510907173157, 0.10139232873916626, 0.17984344065189362, -0.12281534820795059]	27.944837090966757	ok
f5d1783	all4_timeconstants_cosine_lownoise_90steps	ALL	0	2	0	0.0	0.0	1095.3028557300568	-inf	[]	0.0	ok
f5d1783	minimal_2param_stable	liley	2	2	300	0.02	0.001	542.2366943359375	-545.4555701608057	[0.6340239644050598, -2.153013883798849e-05]	52.83480025798781	ok
f5d1783	minimal_2param_stable	liley	2	2	300	0.02	0.001	542.3493041992188	-545.5681800240869	[0.6336422562599182, -2.1512983948923647e-05]	53.146146334009245	ok
f5d1783	minimal_2param_stable	cmc	2	2	300	0.02	0.001	17.224050521850586	-20.442926346718785	[-1.2141783237457275, -1.2141228914260864]	41.77348496502964	ok
f5d1783	minimal_2param_stable	cmc	2	2	300	0.02	0.001	17.227298736572266	-20.446174561440465	[-1.2142235040664673, -1.2141690254211426]	41.785396606021095	ok
f5d1783	minimal_2param_stable	rrw	2	2	300	0.02	0.001	2081.099853515625	-2084.318729340493	[0.0, 1.6661058452882571e-06]	37.1735855829902	ok
f5d1783	minimal_2param_stable	rrw	2	2	300	0.02	0.001	2088.5888671875	-2091.807743012368	[0.0, -1.151188826042926e-06]	37.12406744703185	ok
f5d1783	minimal_2param_stable	cbei	2	2	300	0.02	0.001	1792.3363037109375	-1795.5551795358058	[0.0, -0.04784997180104256]	49.83425318298396	ok
f5d1783	minimal_2param_stable	cbei	2	2	300	0.02	0.001	1793.1298828125	-1796.3487586373683	[0.0, 0.04773307219147682]	49.98460464796517	ok
f5d1783	alpha_peak_targeted	liley	3	2	250	0.04	0.0005	19.723173141479492	-24.551486878781795	[0.9335878491401672, -0.5760136246681213, 4.341366291046143]	57.00003459001891	ok
f5d1783	alpha_peak_targeted	liley	3	2	250	0.04	0.0005	19.727462768554688	-24.55577650585699	[0.9335182905197144, -0.576038122177124, 4.341485977172852]	56.760810559033416	ok
f5d1783	alpha_peak_targeted	cmc	3	2	250	0.04	0.0005	17.627023696899414	-22.455337434201716	[-0.7376642227172852, -0.0003600112395361066, -1.8493620157241821]	47.31649468903197	ok
f5d1783	alpha_peak_targeted	cmc	3	2	250	0.04	0.0005	17.63115882873535	-22.459472566037654	[-0.7375767230987549, 0.0010098714847117662, -1.849542498588562]	47.277507504972164	ok
f5d1783	alpha_peak_targeted	rrw	3	2	250	0.04	0.0005	2195.916748046875	-2200.7450617841773	[0.00032829062547534704, -0.0009007437038235366, 2.9427409172058105]	48.91160217899596	ok
f5d1783	alpha_peak_targeted	rrw	3	2	250	0.04	0.0005	2227.23095703125	-2232.0592707685523	[-0.00019344210159033537, 0.003030207473784685, -3.4575750827789307]	48.924571830022614	ok
f5d1783	alpha_peak_targeted	cbei	3	2	250	0.04	0.0005	637.527587890625	-642.3559016279273	[-4.434557914733887, -2.919959545135498, 5.415417194366455]	49.945194386004005	ok
f5d1783	alpha_peak_targeted	cbei	3	2	250	0.04	0.0005	29.15451431274414	-33.98282805004644	[-4.442943096160889, -2.7288286685943604, 5.267629146575928]	49.954073294997215	ok
f5d1783	ei_balance_broadband	liley	4	2	200	0.06	0.0003	18.050031661987305	-24.487783311723707	[-0.0003470733354333788, 4.320817765801621e-07, 5.109312057495117, -1.0489405894986703e-06]	36.48690408701077	ok
f5d1783	ei_balance_broadband	liley	4	2	200	0.06	0.0003	18.050439834594727	-24.48819148433113	[-0.00034698963281698525, 4.320190498674492e-07, 5.109387397766113, -1.0487774488865398e-06]	36.34696184901986	ok
f5d1783	ei_balance_broadband	cmc	4	2	200	0.06	0.0003	16.121906280517578	-22.55965793025398	[-1.2164214849472046, -7.564502766399528e-07, 0.00036587659269571304, -1.2163459062576294]	33.506579928973224	ok
f5d1783	ei_balance_broadband	cmc	4	2	200	0.06	0.0003	16.124282836914062	-22.562034486650465	[-1.2164349555969238, -7.563440362901019e-07, 0.0003676913620438427, -1.216355323791504]	33.43257680698298	ok
f5d1783	ei_balance_broadband	rrw	4	2	200	0.06	0.0003	2351.805908203125	-2358.2436598528616	[7.828251000319142e-06, -0.0004111724847462028, -6.596338266717794e-07, 8.420128096986446e-07]	31.20207041100366	ok
f5d1783	ei_balance_broadband	rrw	4	2	200	0.06	0.0003	2396.238525390625	-2402.6762770403616	[-7.737498890492134e-06, 0.0008511300547979772, 5.909457172492694e-07, 8.340351769220433e-07]	31.406392299046274	ok
f5d1783	ei_balance_broadband	cbei	4	2	200	0.06	0.0003	1897.822021484375	-1904.2597731341114	[0.17875519394874573, 0.00015496178821194917, -1.9848095178604126, -0.004212276544421911]	39.9088200260303	ok
f5d1783	ei_balance_broadband	cbei	4	2	200	0.06	0.0003	1898.41796875	-1904.8557203997364	[0.4464150667190552, 8.709947724128142e-05, -2.340195894241333, -0.0005981181748211384]	40.04443176701898	ok
f5d1783	high_lr_escape	liley	5	2	150	0.1	0.0001	16.13353157043457	-24.180721132605072	[0.0009687530109658837, -3.1896353902993724e-05, 6.382593710441142e-06, 0.4110700488090515, 4.899506568908691]	37.10429915203713	ok
f5d1783	high_lr_escape	liley	5	2	150	0.1	0.0001	16.134862899780273	-24.182052461950775	[0.000971319037489593, -3.1896975997369736e-05, 6.382213541655801e-06, 0.41105520725250244, 4.899547576904297]	37.03530883201165	ok
f5d1783	high_lr_escape	cmc	5	2	150	0.1	0.0001	1.0464411973953247	-9.093630759565826	[-0.41726380586624146, -0.4172607362270355, -2.526362004573457e-05, 4.282707214355469, -7.936787369544618e-06]	33.07402203499805	ok
f5d1783	high_lr_escape	cmc	5	2	150	0.1	0.0001	1.0884690284729004	-9.135658590643402	[-0.36985406279563904, -0.36982691287994385, -3.572131026885472e-05, 4.376842975616455, -8.023795089684427e-06]	53.85795286396751	ok
f5d1783	high_lr_escape	rrw	5	2	150	0.1	0.0001	2280.354736328125	-2288.4019258902954	[0.0, 0.0052636535838246346, -0.01086888462305069, 0.00025890476536005735, 3.8139288425445557]	59.913716910989024	ok
f5d1783	high_lr_escape	rrw	5	2	150	0.1	0.0001	2466.073974609375	-2474.1211641715454	[0.0, 7.568753062514588e-06, 3.5743407352129e-05, -2.2605145204579458e-05, -4.669095993041992]	53.69474375597201	ok
f5d1783	high_lr_escape	cbei	5	2	150	0.1	0.0001	nan	nan	[nan, nan, nan, nan, nan]	52.957450176996645	ok
f5d1783	high_lr_escape	cbei	5	2	150	0.1	0.0001	nan	nan	[nan, nan, nan, nan, nan]	52.13141515600728	ok
f5d1783	minimal_2param_stable	liley	2	2	150	0.02	0.001	542.2453002929688	-545.4641761178369	[0.6383277773857117, -1.6216557924053632e-05]	51.687837175966706	ok
f5d1783	minimal_2param_stable	liley	2	2	150	0.02	0.001	542.3477783203125	-545.5666541451807	[0.6379662156105042, -1.6199770470848307e-05]	55.41468170203734	ok
f5d1783	minimal_2param_stable	cmc	2	2	150	0.02	0.001	17.224761962890625	-20.443637787758824	[-1.2153382301330566, -1.2153325080871582]	43.01613599900156	ok
f5d1783	minimal_2param_stable	cmc	2	2	150	0.02	0.001	17.22833251953125	-20.44720834439945	[-1.215375304222107, -1.2153708934783936]	32.47596127301222	ok
f5d1783	minimal_2param_stable	rrw	2	2	150	0.02	0.001	2081.099853515625	-2084.318729340493	[0.0, -3.4767128909152234e-06]	33.266516108007636	ok
f5d1783	minimal_2param_stable	rrw	2	2	150	0.02	0.001	2088.5888671875	-2091.807743012368	[0.0, 3.849112545140088e-06]	40.29381329199532	ok
f5d1783	minimal_2param_stable	cbei	2	2	150	0.02	0.001	1792.3363037109375	-1795.5551795358058	[0.0, -0.04786134511232376]	42.67588396498468	ok
f5d1783	minimal_2param_stable	cbei	2	2	150	0.02	0.001	1793.1298828125	-1796.3487586373683	[0.0, 0.04774356633424759]	53.20062316401163	ok
f5d1783	alpha_peak_targeted	liley	3	2	150	0.04	0.0005	19.927486419677734	-24.755800156980037	[1.0170257091522217, -1.177553653717041, 4.294053077697754]	54.33056008501444	ok
f5d1783	alpha_peak_targeted	liley	3	2	150	0.04	0.0005	19.927291870117188	-24.75560560741949	[1.0169779062271118, -1.1776067018508911, 4.2941412925720215]	69.22129047597991	ok
f5d1783	alpha_peak_targeted	cmc	3	2	150	0.04	0.0005	17.836538314819336	-22.66485205212164	[-1.1270027160644531, 0.00022304983576759696, -1.5079044103622437]	49.392491541977506	ok
f5d1783	alpha_peak_targeted	cmc	3	2	150	0.04	0.0005	17.83889389038086	-22.66720762768316	[-1.1269069910049438, 0.0006894791731610894, -1.507942795753479]	58.096130859979894	ok
f5d1783	alpha_peak_targeted	rrw	3	2	150	0.04	0.0005	2195.9169921875	-2200.7453059248023	[-0.0028919270262122154, -0.002870801370590925, 2.947141647338867]	57.45917426003143	ok
f5d1783	alpha_peak_targeted	rrw	3	2	150	0.04	0.0005	2227.2333984375	-2232.0617121748023	[2.8680660761892796e-05, 0.003643117845058441, -3.405597686767578]	60.194059463974554	ok
f5d1783	alpha_peak_targeted	cbei	3	2	150	0.04	0.0005	2769.060546875	-2773.8888606123023	[-4.535464763641357, -2.956653594970703, 5.514842987060547]	61.427422092005145	ok
f5d1783	alpha_peak_targeted	cbei	3	2	150	0.04	0.0005	3173.92333984375	-3178.7516535810523	[-4.594277381896973, -2.9736714363098145, 5.555603504180908]	58.008655666024424	ok
f5d1783	ei_balance_broadband	liley	4	2	120	0.06	0.0003	22.995088577270508	-29.43284022700691	[-0.023573320358991623, -9.61433306656545e-06, 3.6300010681152344, 4.10922548326198e-05]	44.568754691048525	ok
f5d1783	ei_balance_broadband	liley	4	2	120	0.06	0.0003	22.996252059936523	-29.434003709672925	[-0.02357545495033264, -9.617052455723751e-06, 3.6300010681152344, 4.1109149606199935e-05]	29.970720169018023	ok
f5d1783	ei_balance_broadband	cmc	4	2	120	0.06	0.0003	16.121702194213867	-22.55945384395027	[-1.2166028022766113, -4.577506842906587e-05, -0.00069481908576563, -1.2165859937667847]	41.274186450988054	ok
f5d1783	ei_balance_broadband	cmc	4	2	120	0.06	0.0003	16.122739791870117	-22.56049144160652	[-1.2166115045547485, -4.577496292768046e-05, -0.0006940850871615112, -1.2165932655334473]	41.32393178297207	ok
f5d1783	ei_balance_broadband	rrw	4	2	120	0.06	0.0003	2351.805908203125	-2358.2436598528616	[-4.0029510273598135e-05, -0.0003586960374377668, 4.579210610700102e-07, -2.2625212295679376e-05]	28.630809528985992	ok
f5d1783	ei_balance_broadband	rrw	4	2	120	0.06	0.0003	2396.238525390625	-2402.6762770403616	[4.01711804443039e-05, 0.0007898411713540554, -3.3020835417119088e-06, -1.7996528185904026e-05]	39.036413976049516	ok
f5d1783	ei_balance_broadband	cbei	4	2	120	0.06	0.0003	1897.8211669921875	-1904.2589186419239	[0.17892667651176453, 8.23556401883252e-05, -1.9894130229949951, -0.004219638649374247]	48.83985439699609	ok
f5d1783	ei_balance_broadband	cbei	4	2	120	0.06	0.0003	1898.43212890625	-1904.8698805559864	[0.42507776618003845, 3.740222746273503e-05, -2.161705732345581, -0.0009677771013230085]	36.39633621397661	ok
f5d1783	targeted_param_exploration_best=ei_balance_broadband	ALL	0	2	0	0.0	0.0	1077.8166890144348	-inf	[]	0.0	ok
f5d1783	low_noise_precision	liley	4	2	400	0.01	5e-05	55.85442352294922	-62.29217517268562	[0.041206855326890945, -1.073742964763369e-06, 2.0049984455108643, 0.8168135285377502]	132.7701089490438	ok
f5d1783	cosine_excitatory_120steps_highLR	liley	4	2	120	0.1	0.0005	279.57177734375	-286.0095289934864	[7.104550838470459, -1.5724483091617003e-05, 6.671105802524835e-05, 0.6642517447471619]	30.98599553195527	ok
f5d1783	cosine_excitatory_120steps_highLR	liley	4	2	120	0.1	0.0005	279.62994384765625	-286.06769549739266	[7.104576587677002, -1.5731582607259043e-05, 6.671249866485596e-05, 0.6642645597457886]	30.848576105956454	ok
f5d1783	cosine_excitatory_120steps_highLR	cmc	4	2	120	0.1	0.0005	17.18748664855957	-23.625238298295972	[-1.0756964683532715, -1.0756169557571411, -0.37086600065231323, -7.588024891447276e-05]	26.41111784504028	ok
f5d1783	cosine_excitatory_120steps_highLR	cmc	4	2	120	0.1	0.0005	17.190101623535156	-23.62785327327156	[-1.0753766298294067, -1.0752968788146973, -0.37166446447372437, -7.587965956190601e-05]	26.56491397699574	ok
f5d1783	cosine_excitatory_120steps_highLR	rrw	4	2	120	0.1	0.0005	2196.988037109375	-2203.4257887591116	[0.0, 0.0003851619258057326, -0.0011732089333236217, 2.8881256580352783]	22.7666540479986	ok
f5d1783	cosine_excitatory_120steps_highLR	rrw	4	2	120	0.1	0.0005	2228.615234375	-2235.0529860247366	[0.0, 8.492283814121038e-05, -7.588537118863314e-05, -3.12459659576416]	22.674367671948858	ok
f5d1783	cosine_excitatory_120steps_highLR	cbei	4	2	120	0.1	0.0005	1861.9935302734375	-1868.4312819231739	[0.0, -0.2730717062950134, 0.0025438398588448763, -0.5161535739898682]	28.22220560500864	ok
f5d1783	cosine_excitatory_120steps_highLR	cbei	4	2	120	0.1	0.0005	1868.6829833984375	-1875.1207350481739	[0.0, -0.1403636634349823, 0.0025987778790295124, -0.45567893981933594]	28.23963609704515	ok
f5d1783	cosine_excitatory_120steps_highLR	ALL	0	2	0	0.0	0.0	1093.7323868274689	-inf	[]	0.0	ok
f5d1783	warmup_EI_balance_150steps	liley	5	2	150	0.06	0.0003	26.448841094970703	-34.496030657141205	[0.003373920451849699, 0.0003045351477339864, 0.003035095753148198, -0.0017911335453391075, 4.301540374755859]	35.30199613800505	ok
f5d1783	warmup_EI_balance_150steps	liley	5	2	150	0.06	0.0003	26.45124053955078	-34.49843010172128	[0.003374052932485938, 0.0003049722872674465, 0.0030304118990898132, -0.0017913691699504852, 4.301762104034424]	35.063685024972074	ok
f5d1783	warmup_EI_balance_150steps	cmc	5	2	150	0.06	0.0003	17.23019027709961	-25.27737983927011	[-1.2139350175857544, -1.213742971420288, -0.0009968130616471171, 5.621789023280144e-05, 0.0004049135313834995]	28.313465023995377	ok
f5d1783	warmup_EI_balance_150steps	cmc	5	2	150	0.06	0.0003	17.23059844970703	-25.277788011877533	[-1.2139350175857544, -1.2137421369552612, 0.0011681008618324995, 0.002667634282261133, 0.0004167892038822174]	28.294719634053763	ok
f5d1783	warmup_EI_balance_150steps	rrw	5	2	150	0.06	0.0003	2351.81298828125	-2359.8601778434204	[0.0, 0.0017234105616807938, -0.00015870819333940744, -0.0006458140560425818, 0.007201055064797401]	25.21933675999753	ok
f5d1783	warmup_EI_balance_150steps	rrw	5	2	150	0.06	0.0003	2396.2802734375	-2404.3274629996704	[0.0, -0.0031245024874806404, 0.0041308715008199215, -0.0008727175300009549, 8.607000199845061e-05]	25.23273538099602	ok
f5d1783	warmup_EI_balance_150steps	cbei	5	2	150	0.06	0.0003	1854.2791748046875	-1862.326364366858	[0.0, 0.02974068745970726, 0.0015899232821539044, -1.542653203010559, -3.0125226974487305]	31.71598591399379	ok
f5d1783	warmup_EI_balance_150steps	cbei	5	2	150	0.06	0.0003	1855.50830078125	-1863.5554903434204	[0.0, 0.05085991695523262, 0.0001744931796565652, -1.7888306379318237, -3.012882709503174]	31.630455826001707	ok
f5d1783	warmup_EI_balance_150steps	ALL	0	2	0	0.0	0.0	1068.155200958252	-inf	[]	0.0	ok
f5d1783	constant_minimal_2params_200steps	liley	2	2	200	0.04	0.0001	546.2822265625	-549.5011023873682	[0.09403110295534134, -6.246611519600265e-06]	38.58675126300659	ok
f5d1783	constant_minimal_2params_200steps	liley	2	2	200	0.04	0.0001	546.3089599609375	-549.5278357858057	[0.0940331295132637, -6.24659878667444e-06]	38.39658513601171	ok
f5d1783	constant_minimal_2params_200steps	cmc	2	2	200	0.04	0.0001	21.61728858947754	-24.83616441434574	[-1.2051427364349365, -1.2049071788787842]	30.037195843004156	ok
f5d1783	constant_minimal_2params_200steps	cmc	2	2	200	0.04	0.0001	21.620466232299805	-24.839342057168004	[-1.20509934425354, -1.2048624753952026]	30.147687093995046	ok
f5d1783	constant_minimal_2params_200steps	rrw	2	2	200	0.04	0.0001	2465.365478515625	-2468.584354340493	[0.0, 1.3250089523353381e-06]	26.606858223036397	ok
f5d1783	constant_minimal_2params_200steps	rrw	2	2	200	0.04	0.0001	2606.57861328125	-2609.797489106118	[0.0, -2.1212294996075798e-06]	26.6971877089818	ok
f5d1783	constant_minimal_2params_200steps	cbei	2	2	200	0.04	0.0001	1912.970458984375	-1916.1893348092433	[0.0, -0.00435129227116704]	35.71751265699277	ok
f5d1783	constant_minimal_2params_200steps	cbei	2	2	200	0.04	0.0001	1914.32861328125	-1917.5474891061183	[0.0, -0.0017496782820671797]	35.8101445119828	ok
f5d1783	constant_minimal_2params_200steps	ALL	0	2	0	0.0	0.0	1254.3840131759644	-inf	[]	0.0	ok
f5d1783	cosine_timeconstants_100steps	liley	4	2	100	0.07	0.0004	54.371742248535156	-60.809493898271555	[0.647555410861969, -2.2276017665863037, -3.5350003242492676, 0.013626331463456154]	29.386412695981562	ok
f5d1783	cosine_timeconstants_100steps	liley	4	2	100	0.07	0.0004	54.38135528564453	-60.81910693538093	[0.6476098299026489, -2.2277612686157227, -3.5350003242492676, 0.013631189242005348]	29.275141518970486	ok
f5d1783	cosine_timeconstants_100steps	cmc	4	2	100	0.07	0.0004	18.54877281188965	-24.98652446162605	[-0.7845161557197571, 0.00026824677479453385, -0.9032326340675354, -0.9032549858093262]	25.057948491012212	ok
f5d1783	cosine_timeconstants_100steps	cmc	4	2	100	0.07	0.0004	18.5521297454834	-24.9898813952198	[-0.7843838334083557, 0.00026818408514373004, -0.9032821655273438, -0.9033043384552002]	25.03205026203068	ok
f5d1783	cosine_timeconstants_100steps	rrw	4	2	100	0.07	0.0004	2227.345947265625	-2233.7836989153616	[-0.0003051137609872967, -0.0003460788575466722, 2.9116687774658203, 0.0]	26.619266460009385	ok
f5d1783	cosine_timeconstants_100steps	rrw	4	2	100	0.07	0.0004	2278.194580078125	-2284.6323317278616	[0.000247331423452124, 0.00024778585066087544, -2.62149715423584, 0.0]	26.627750877989456	ok
f5d1783	cosine_timeconstants_100steps	cbei	4	2	100	0.07	0.0004	1874.4788818359375	-1880.9166334856739	[-0.5084893703460693, 0.05784828960895538, 0.1489212065935135, 0.0]	28.747870288032573	ok
f5d1783	cosine_timeconstants_100steps	cbei	4	2	100	0.07	0.0004	1880.572998046875	-1887.0107496966114	[-0.45423632860183716, 0.19381561875343323, 0.09976685047149658, 0.0]	28.625285779009573	ok
f5d1783	cosine_timeconstants_100steps	ALL	0	2	0	0.0	0.0	1050.8058009147644	-inf	[]	0.0	ok
f5d1783	all4_large_params_tight_prior_cosine_200steps	liley	6	2	200	0.08	0.0002	432.9258117675781	-442.5824392421827	[0.06882740557193756, 5.813026859868842e-07, 0.614845335483551, -2.171062469482422, -2.1106986878294265e-06, -1.3314083844306879e-06]	52.78521454305155	ok
f5d1783	all4_large_params_tight_prior_cosine_200steps	liley	6	2	200	0.08	0.0002	432.9571228027344	-442.61375027733897	[0.06882987916469574, 5.812371455249377e-07, 0.6148484349250793, -2.1710853576660156, -2.110386958520394e-06, -1.3313955378180253e-06]	53.06581991002895	ok
f5d1783	all4_large_params_tight_prior_cosine_200steps	cmc	6	2	200	0.08	0.0002	21.167287826538086	-30.823915301142687	[-1.001430630683899, -1.0012686252593994, 8.375698598683812e-06, -0.5369294285774231, 7.248574547702447e-06, -1.396661559738277e-06]	42.930623749038205	ok
f5d1783	all4_large_params_tight_prior_cosine_200steps	cmc	6	2	200	0.08	0.0002	21.169239044189453	-30.825866518794054	[-1.0014692544937134, -1.0013070106506348, 8.379564860661048e-06, -0.5368902683258057, 7.23801895219367e-06, -1.396657467012119e-06]	42.906046525982674	ok
f5d1783	all4_large_params_tight_prior_cosine_200steps	rrw	6	2	200	0.08	0.0002	2283.9970703125	-2293.6536977871046	[0.0, 8.088006870821118e-05, -0.0002492007042746991, -1.0718922567320988e-06, -3.0139071895973757e-05, 2.8083431720733643]	44.51497095497325	ok
f5d1783	all4_large_params_tight_prior_cosine_200steps	rrw	6	2	200	0.08	0.0002	2396.380859375	-2406.0374868496046	[0.0, 1.4502613794320496e-06, -5.094058224131004e-07, 7.275496045622276e-07, -8.98885446076747e-07, -2.000852584838867]	44.33919071400305	ok
f5d1783	all4_large_params_tight_prior_cosine_200steps	cbei	6	2	200	0.08	0.0002	959.53076171875	-969.1873891933546	[0.0, -0.16765397787094116, -3.8012135519238655e-06, 5.362207412719727, -1.7091012001037598, -2.744295120239258]	43.48133856797358	ok
f5d1783	all4_large_params_tight_prior_cosine_200steps	cbei	6	2	200	0.08	0.0002	nan	nan	[nan, nan, nan, nan, nan, nan]	43.35328862501774	ok
f5d1783	all4_large_params_tight_prior_cosine_200steps	ALL	0	2	0	0.0	0.0	nan	-inf	[]	0.0	ok
f5d1783	default	liley	6	2	200	0.08	0.0002	432.9258117675781	-442.5824392421827	[0.06882740557193756, 5.813026859868842e-07, 0.614845335483551, -2.171062469482422, -2.1106986878294265e-06, -1.3314083844306879e-06]	53.46130893402733	ok
f5d1783	default	liley	6	2	200	0.08	0.0002	432.9571228027344	-442.61375027733897	[0.06882987916469574, 5.812371455249377e-07, 0.6148484349250793, -2.1710853576660156, -2.110386958520394e-06, -1.3313955378180253e-06]	53.37143085501157	ok
f5d1783	default	cmc	6	2	200	0.08	0.0002	21.167287826538086	-30.823915301142687	[-1.001430630683899, -1.0012686252593994, 8.375698598683812e-06, -0.5369294285774231, 7.248574547702447e-06, -1.396661559738277e-06]	43.091557056002785	ok
f5d1783	default	cmc	6	2	200	0.08	0.0002	21.169239044189453	-30.825866518794054	[-1.0014692544937134, -1.0013070106506348, 8.379564860661048e-06, -0.5368902683258057, 7.23801895219367e-06, -1.396657467012119e-06]	42.889299071975984	ok
f5d1783	default	rrw	6	2	200	0.08	0.0002	2283.9970703125	-2293.6536977871046	[0.0, 8.088006870821118e-05, -0.0002492007042746991, -1.0718922567320988e-06, -3.0139071895973757e-05, 2.8083431720733643]	44.46951997600263	ok
f5d1783	default	rrw	6	2	200	0.08	0.0002	2396.380859375	-2406.0374868496046	[0.0, 1.4502613794320496e-06, -5.094058224131004e-07, 7.275496045622276e-07, -8.98885446076747e-07, -2.000852584838867]	44.36593318899395	ok
f5d1783	default	cbei	6	2	200	0.08	0.0002	959.53076171875	-969.1873891933546	[0.0, -0.16765397787094116, -3.8012135519238655e-06, 5.362207412719727, -1.7091012001037598, -2.744295120239258]	43.293435510015115	ok
f5d1783	default	cbei	6	2	200	0.08	0.0002	nan	nan	[nan, nan, nan, nan, nan, nan]	43.42959787801374	ok
f5d1783	all4_large_params_tight_prior_cosine_200steps	ALL	0	2	0	0.0	0.0	nan	-inf	[]	0.0	ok
f5d1783	default	liley	6	2	200	0.08	0.0002	432.9258117675781	-442.5824392421827	[0.06882740557193756, 5.813026859868842e-07, 0.614845335483551, -2.171062469482422, -2.1106986878294265e-06, -1.3314083844306879e-06]	53.42790934396908	ok
f5d1783	default	liley	6	2	200	0.08	0.0002	432.9571228027344	-442.61375027733897	[0.06882987916469574, 5.812371455249377e-07, 0.6148484349250793, -2.1710853576660156, -2.110386958520394e-06, -1.3313955378180253e-06]	53.37654422502965	ok
f5d1783	default	cmc	6	2	200	0.08	0.0002	21.167287826538086	-30.823915301142687	[-1.001430630683899, -1.0012686252593994, 8.375698598683812e-06, -0.5369294285774231, 7.248574547702447e-06, -1.396661559738277e-06]	42.95023668900831	ok
f5d1783	default	cmc	6	2	200	0.08	0.0002	21.169239044189453	-30.825866518794054	[-1.0014692544937134, -1.0013070106506348, 8.379564860661048e-06, -0.5368902683258057, 7.23801895219367e-06, -1.396657467012119e-06]	43.007746596005745	ok
f5d1783	default	rrw	6	2	200	0.08	0.0002	2283.9970703125	-2293.6536977871046	[0.0, 8.088006870821118e-05, -0.0002492007042746991, -1.0718922567320988e-06, -3.0139071895973757e-05, 2.8083431720733643]	44.47052034601802	ok
f5d1783	default	rrw	6	2	200	0.08	0.0002	2396.380859375	-2406.0374868496046	[0.0, 1.4502613794320496e-06, -5.094058224131004e-07, 7.275496045622276e-07, -8.98885446076747e-07, -2.000852584838867]	44.297358493029606	ok
f5d1783	default	cbei	6	2	200	0.08	0.0002	959.53076171875	-969.1873891933546	[0.0, -0.16765397787094116, -3.8012135519238655e-06, 5.362207412719727, -1.7091012001037598, -2.744295120239258]	43.36081752303289	ok
f5d1783	default	cbei	6	2	200	0.08	0.0002	nan	nan	[nan, nan, nan, nan, nan, nan]	43.31177193898475	ok
f5d1783	all4_large_params_tight_prior_cosine_200steps	ALL	0	2	0	0.0	0.0	nan	-inf	[]	0.0	ok
f5d1783	all4_multistart_best_of_2_warmup_130steps	liley	4	2	130	0.07	0.0003	487.3746643066406	-493.81241595637704	[0.5689222812652588, -0.00218848860822618, 0.6189742684364319, -0.0001636200031498447]	33.015510763973	ok
f5d1783	all4_multistart_best_of_2_warmup_130steps	liley	4	2	130	0.07	0.0003	487.4126892089844	-493.8504408587208	[0.5689289569854736, -0.0021877845283597708, 0.6189740300178528, -0.00015870250354055315]	32.71030337002594	ok
f5d1783	all4_multistart_best_of_2_warmup_130steps	cmc	4	2	130	0.07	0.0003	17.413576126098633	-23.851327775835035	[-1.1427792310714722, -1.1426326036453247, 0.0003063705225940794, -0.19250966608524323]	28.508063981018495	ok
f5d1783	all4_multistart_best_of_2_warmup_130steps	cmc	4	2	130	0.07	0.0003	17.381576538085938	-23.81932818782234	[-1.1565364599227905, -1.1563853025436401, -0.00010517106420593336, -0.15733234584331512]	28.52397594501963	ok
f5d1783	all4_multistart_best_of_2_warmup_130steps	rrw	4	2	130	0.07	0.0003	2249.522705078125	-2255.9604567278616	[0.0, 0.0013635011855512857, -0.0017316582379862666, 3.1136634349823]	24.037458428996615	ok
f5d1783	all4_multistart_best_of_2_warmup_130steps	rrw	4	2	130	0.07	0.0003	2327.53515625	-2333.9729078997366	[0.0, 0.00042651855619624257, 0.00019919039914384484, -2.897440195083618]	24.099254541972186	ok
f5d1783	all4_multistart_best_of_2_warmup_130steps	cbei	4	2	130	0.07	0.0003	1884.718994140625	-1891.1567457903614	[0.0, -0.1967378407716751, 0.0038568847812712193, -0.5108367800712585]	29.717367103963625	ok
f5d1783	all4_multistart_best_of_2_warmup_130steps	cbei	4	2	130	0.07	0.0003	1889.9931640625	-1896.4309157122364	[0.0, -0.13268595933914185, 0.004614417441189289, -0.4745834767818451]	29.73967122094473	ok
f5d1783	all4_multistart_best_of_2_warmup_130steps	ALL	0	2	0	0.0	0.0	1170.1690657138824	-inf	[]	0.0	ok
f5d1783	default	liley	4	2	160	0.15	0.0001	44.66941833496094	-51.107169984697336	[11.06178092956543, -1.4512858797388617e-05, 1.1842248439788818, 3.5594730434240773e-06]	38.02196001302218	ok
f5d1783	default	liley	4	2	160	0.15	0.0001	44.67351150512695	-51.11126315486335	[11.061929702758789, -1.4512400412058923e-05, 1.1841657161712646, 3.5595101053331746e-06]	37.84609178296523	ok
f5d1783	default	cmc	4	2	160	0.15	0.0001	17.28464698791504	-23.72239863765144	[-0.9084447026252747, -0.9084504842758179, -0.7785290479660034, -4.495393113757018e-06]	32.60600736999186	ok
f5d1783	default	cmc	4	2	160	0.15	0.0001	17.257539749145508	-23.69529139888191	[-0.9215764999389648, -0.9215721487998962, -0.7466078996658325, -4.492339940043166e-06]	32.54607698996551	ok
f5d1783	default	rrw	4	2	160	0.15	0.0001	2465.3583984375	-2471.7961500872366	[0.0, 1.1963152246607933e-06, -0.00025866334908641875, 1.7960495824809186e-05]	33.097472756984644	ok
f5d1783	default	rrw	4	2	160	0.15	0.0001	2606.53466796875	-2612.9724196184866	[0.0, -8.405956577917095e-06, 0.0008712798007763922, -1.4925422874512151e-05]	33.017603740037885	ok
f5d1783	default	cbei	4	2	160	0.15	0.0001	nan	nan	[nan, nan, nan, nan]	34.10505709896097	ok
f5d1783	default	cbei	4	2	160	0.15	0.0001	nan	nan	[nan, nan, nan, nan]	34.04509858798701	ok
f5d1783	all4_high_lr_strong_clip_cosine_160steps	ALL	0	2	0	0.0	0.0	nan	-inf	[]	0.0	ok
f5d1783	default	liley	4	2	250	0.02	5e-05	59.4737548828125	-65.9115065325489	[0.0270113255828619, 7.3270385314572195e-09, 0.4226115942001343, -4.5223798751831055]	51.37169946200447	ok
f5d1783	default	liley	4	2	250	0.02	5e-05	59.477962493896484	-65.91571414363288	[0.02701299451291561, 7.329806095413005e-09, 0.42263263463974, -4.522401332855225]	51.9470041859895	ok
f5d1783	default	cmc	4	2	250	0.02	5e-05	17.230072021484375	-23.667823671220777	[-1.2141391038894653, -1.214020013809204, 4.134296250413172e-05, 3.634879249148071e-05]	41.66608925902983	ok
f5d1783	default	cmc	4	2	250	0.02	5e-05	17.231904983520508	-23.66965663325691	[-1.214148759841919, -1.2140287160873413, 4.121589154237881e-05, 3.621852374635637e-05]	41.50607189297443	ok
f5d1783	default	rrw	4	2	250	0.02	5e-05	2507.930419921875	-2514.3681715716116	[0.0, 3.481128942439682e-06, -0.00044271713704802096, -0.00017376869800500572]	47.80439013498835	ok
f5d1783	all4models_broad_params_cosine_120steps	liley	4	2	120	0.04	0.0003	47.204742431640625	-53.64249408137702	[0.043391115963459015, -6.356946414598497e-06, 2.8385446057654917e-05, 2.4200000762939453]	39.263683195982594	ok
f5d1783	all4models_broad_params_cosine_120steps	liley	4	2	120	0.04	0.0003	47.2110481262207	-53.6487997759571	[0.04339328035712242, -6.358948212437099e-06, 2.838542241079267e-05, 2.4200000762939453]	51.20443421602249	ok
f5d1783	all4models_broad_params_cosine_120steps	cmc	4	2	120	0.04	0.0003	16.778345108032227	-23.21609675776863	[-1.2154427766799927, -1.215425968170166, 1.1392026863177307e-05, -3.0409257306018844e-05]	39.93845303897979	ok
f5d1783	all4models_broad_params_cosine_120steps	cmc	4	2	120	0.04	0.0003	16.778583526611328	-23.21633517634773	[-1.2154487371444702, -1.2154310941696167, 1.1378328053979203e-05, -3.040924457309302e-05]	41.66079994500615	ok
f5d1783	all4models_broad_params_cosine_120steps	rrw	4	2	120	0.04	0.0003	2351.81298828125	-2358.2507399309866	[0.0, -2.9359891414060257e-05, -0.00011575634562177584, -2.280781245644903e-06]	21.171799977018964	ok
f5d1783	all4models_broad_params_cosine_120steps	rrw	4	2	120	0.04	0.0003	2396.2802734375	-2402.7180250872366	[0.0, 2.9427917979774065e-05, 0.0002702184719964862, -2.116899395332439e-06]	21.15929087495897	ok
f5d1783	all4models_broad_params_cosine_120steps	cbei	4	2	120	0.04	0.0003	1884.6778564453125	-1891.1156080950489	[0.0, -0.26596951484680176, 0.0027625232469290495, -0.5128669142723083]	28.104749237012584	ok
f5d1783	all4models_broad_params_cosine_120steps	cbei	4	2	120	0.04	0.0003	1889.9979248046875	-1896.4356764544239	[0.0, -0.18714012205600739, 0.0028653964400291443, -0.476394385099411]	28.01334111095639	ok
f5d1783	all4models_broad_params_cosine_120steps	ALL	0	2	0	0.0	0.0	1081.3427202701569	-inf	[]	0.0	ok
f5d1783	all4models_5params_warmup_lowNoise	liley	5	2	100	0.06	0.0001	59.60832214355469	-67.65551170572519	[0.03030293807387352, -0.00019733491353690624, -0.003284369595348835, 0.35356423258781433, -4.647364616394043]	28.70465086499462	ok
f5d1783	all4models_5params_warmup_lowNoise	liley	5	2	100	0.06	0.0001	59.61684036254883	-67.66402992471933	[0.03030647337436676, -0.00019734003581106663, -0.00328681617975235, 0.35352399945259094, -4.6474504470825195]	28.500631732982583	ok
f5d1783	all4models_5params_warmup_lowNoise	cmc	5	2	100	0.06	0.0001	17.75555419921875	-25.80274376138925	[-0.9831175804138184, -0.9830608367919922, -0.0033094706013798714, -0.5920004844665527, 0.0013665661681443453]	25.30890158400871	ok
f5d1783	all4models_5params_warmup_lowNoise	cmc	5	2	100	0.06	0.0001	17.73312759399414	-25.780317156164642	[-0.9939612150192261, -0.9938972592353821, -0.0034509252291172743, -0.569776713848114, 0.0016887071542441845]	25.19452431303216	ok
f5d1783	all4models_5params_warmup_lowNoise	rrw	5	2	100	0.06	0.0001	1993.9102783203125	-2001.957467882483	[0.0, 5.429996490478516, 0.0032891498412936926, -0.2926754951477051, 0.00024070925428532064]	22.721071424952243	ok
f5d1783	all4models_5params_warmup_lowNoise	rrw	5	2	100	0.06	0.0001	2529.976806640625	-2538.0239962027954	[0.0, -3.0824179649353027, -0.00055489013902843, 0.0015572799602523446, -0.0001836023002397269]	22.741835459019057	ok
f5d1783	all4models_5params_warmup_lowNoise	cbei	5	2	100	0.06	0.0001	1897.9442138671875	-1905.991403429358	[0.0, -0.17361971735954285, 0.0025943093933165073, -0.5024576187133789, 0.07540509104728699]	28.224029127974063	ok
f5d1783	all4models_5params_warmup_lowNoise	cbei	5	2	100	0.06	0.0001	1900.1763916015625	-1908.223581163733	[0.0, -0.15141397714614868, 0.0004115260671824217, -0.4881918728351593, 0.11310112476348877]	28.170036042982247	ok
f5d1783	all4models_5params_warmup_lowNoise	ALL	0	2	0	0.0	0.0	1059.5901918411255	-inf	[]	0.0	ok
f5d1783	all4models_highLR_aggressive_clip	liley	4	2	80	0.1	0.0005	545.2568969726562	-551.6946486223926	[0.2941500246524811, -0.00040085724322125316, 0.00010773551184684038, -6.623018998652697e-05]	20.987554817053024	ok
f5d1783	all4models_highLR_aggressive_clip	liley	4	2	80	0.1	0.0005	545.3282470703125	-551.7659987200489	[0.29413166642189026, -0.0004007563111372292, 0.00010773434769362211, -6.623030640184879e-05]	20.938256069959607	ok
f5d1783	all4models_highLR_aggressive_clip	cmc	4	2	80	0.1	0.0005	18.056617736816406	-24.49436938655281	[-1.2105094194412231, -1.2102890014648438, -2.7478905394673347e-05, 0.0016485380474478006]	17.68049570400035	ok
f5d1783	all4models_highLR_aggressive_clip	cmc	4	2	80	0.1	0.0005	18.05963134765625	-24.497382997392652	[-1.2142012119293213, -1.2140018939971924, -2.6988796889781952e-05, 0.001566144172102213]	17.6677400280023	ok
f5d1783	all4models_highLR_aggressive_clip	rrw	4	2	80	0.1	0.0005	2263.72021484375	-2270.1579664934866	[0.0, 3.0509429052472115e-05, 2.2033927962183952e-06, 0.0008943637367337942]	15.43912952404935	ok
f5d1783	all4models_highLR_aggressive_clip	rrw	4	2	80	0.1	0.0005	2286.625244140625	-2293.0629957903616	[0.0, -7.073808228597045e-05, -0.000851593678817153, -0.001042344607412815]	15.290438111987896	ok
f5d1783	all4models_highLR_aggressive_clip	cbei	4	2	80	0.1	0.0005	1836.6851806640625	-1843.1229323137989	[0.0, 0.004773179534822702, -1.146597146987915, -2.6134562492370605]	19.59160799300298	ok
f5d1783	all4models_highLR_aggressive_clip	cbei	4	2	80	0.1	0.0005	1838.0782470703125	-1844.5159987200489	[0.0, 0.030808575451374054, -1.52799391746521, -2.602932929992676]	19.572218242974486	ok
f5d1783	all4models_highLR_aggressive_clip	ALL	0	2	0	0.0	0.0	1168.976284980774	-inf	[]	0.0	ok
f5d1783	all4models_minimal_2params_cosine_150steps	liley	2	2	150	0.05	0.0002	504.5057373046875	-507.7246131295557	[5.017014026641846, -2.745351412158925e-05]	31.032259621017147	ok
f5d1783	all4models_minimal_2params_cosine_150steps	liley	2	2	150	0.05	0.0002	504.5540466308594	-507.77292245572755	[5.01701545715332, -2.7448859327705577e-05]	30.960420029005036	ok
f5d1783	all4models_minimal_2params_cosine_150steps	cmc	2	2	150	0.05	0.0002	16.409086227416992	-19.62796205228519	[-1.2156553268432617, -1.2156331539154053]	24.148603281995747	ok
f5d1783	all4models_minimal_2params_cosine_150steps	cmc	2	2	150	0.05	0.0002	16.409076690673828	-19.627952515542027	[-1.2156544923782349, -1.2156318426132202]	24.135633722995408	ok
f5d1783	all4models_minimal_2params_cosine_150steps	rrw	2	2	150	0.05	0.0002	2402.73974609375	-2405.958621918618	[0.0, -7.44064482205431e-06]	21.3435049210093	ok
f5d1783	all4models_minimal_2params_cosine_150steps	rrw	2	2	150	0.05	0.0002	2472.4072265625	-2475.626102387368	[0.0, 6.086237135605188e-06]	21.41215072904015	ok
f5d1783	all4models_minimal_2params_cosine_150steps	cbei	2	2	150	0.05	0.0002	1907.6123046875	-1910.8311805123683	[0.0, -0.05610965937376022]	28.536220342037268	ok
f5d1783	all4models_minimal_2params_cosine_150steps	cbei	2	2	150	0.05	0.0002	1909.8802490234375	-1913.0991248483058	[0.0, -0.011216600425541401]	28.610172062006313	ok
f5d1783	all4models_minimal_2params_cosine_150steps	ALL	0	2	0	0.0	0.0	1216.8146841526031	-inf	[]	0.0	ok
f5d1783	targeted_param_exploration_2params_gain_cosine	liley	2	2	300	0.02	0.001	542.2366943359375	-545.4555701608057	[0.6340239644050598, 1.5580856604913151e-09]	48.55864116799785	ok
f5d1783	targeted_param_exploration_2params_gain_cosine	liley	2	2	300	0.02	0.001	542.3493041992188	-545.5681800240869	[0.6336422562599182, 1.5582033441319254e-09]	48.74461227096617	ok
f5d1783	targeted_param_exploration_2params_gain_cosine	cmc	2	2	300	0.02	0.001	18.693458557128906	-21.912334381997105	[-2.422353744506836, 1.3416113688435871e-05]	43.12894831295125	ok
f5d1783	targeted_param_exploration_2params_gain_cosine	cmc	2	2	300	0.02	0.001	18.699356079101562	-21.91823190396976	[-2.4224331378936768, 1.3432315427053254e-05]	43.32643619598821	ok
f5d1783	targeted_param_exploration_2params_gain_cosine	rrw	2	2	300	0.02	0.001	2081.099853515625	-2084.318729340493	[1.6661058452882571e-06, -2.9271901439642534e-05]	42.027743768994696	ok
f5d1783	targeted_param_exploration_2params_gain_cosine	rrw	2	2	300	0.02	0.001	2088.5888671875	-2091.807743012368	[-1.151188826042926e-06, 4.954240648658015e-05]	42.11586821998935	ok
f5d1783	targeted_param_exploration_2params_gain_cosine	cbei	2	2	300	0.02	0.001	1792.3363037109375	-1795.5551795358058	[-0.04784997180104256, 0.0003712688048835844]	51.91780493297847	ok
f5d1783	targeted_param_exploration_2params_gain_cosine	cbei	2	2	300	0.02	0.001	1793.1298828125	-1796.3487586373683	[0.04773307591676712, 0.0003244839026592672]	51.96114634501282	ok
f5d1783	targeted_param_exploration_4params_timeconstants_warmup	liley	4	2	250	0.04	0.0005	36.413414001464844	-42.85116565120124	[-4.717228889465332, -0.00026786292437464, 0.49718889594078064, -3.060211658477783]	58.834696000034455	ok
f5d1783	targeted_param_exploration_4params_timeconstants_warmup	liley	4	2	250	0.04	0.0005	36.42449951171875	-42.86225116145515	[-4.717426300048828, 0.00016951560974121094, 0.4971942603588104, -3.060349702835083]	58.690912752994336	ok
f5d1783	targeted_param_exploration_4params_timeconstants_warmup	cmc	4	2	250	0.04	0.0005	17.183645248413086	-23.621396898149488	[-0.6605519652366638, 0.0008343369700014591, -1.9158027172088623, 0.00043858890421688557]	47.76012669899501	ok
f5d1783	targeted_param_exploration_4params_timeconstants_warmup	cmc	4	2	250	0.04	0.0005	17.186477661132812	-23.624229310869215	[-0.6606134176254272, -0.0007379594026133418, -1.9158717393875122, 0.0016773883253335953]	47.83904724300373	ok
f5d1783	targeted_param_exploration_4params_timeconstants_warmup	rrw	4	2	250	0.04	0.0005	2195.062255859375	-2201.5000075091116	[-0.0001467059482820332, 0.0005001790123060346, 2.988180637359619, 0.0029939142987132072]	51.218430540000554	ok
f5d1783	targeted_param_exploration_4params_timeconstants_warmup	rrw	4	2	250	0.04	0.0005	2225.927978515625	-2232.3657301653616	[-6.799614493502304e-05, -0.0017141217831522226, -3.878844976425171, -5.037683877162635e-06]	51.22795309801586	ok
f5d1783	targeted_param_exploration_4params_timeconstants_warmup	cbei	4	2	250	0.04	0.0005	1861.698974609375	-1868.1367262591114	[-0.5394483208656311, 0.22628504037857056, 0.5782990455627441, -0.3106328845024109]	60.26303655002266	ok
f5d1783	targeted_param_exploration_4params_timeconstants_warmup	cbei	4	2	250	0.04	0.0005	1868.093994140625	-1874.5317457903614	[-0.4876617193222046, 0.5554676055908203, 0.4874310791492462, -0.5219454765319824]	60.40413780498784	ok
f5d1783	targeted_param_exploration_2params_gain_cosine	liley	2	2	300	0.02	0.001	542.2366943359375	-545.4555701608057	[0.6340239644050598, 1.5580856604913151e-09]	49.177306220983155	ok
f5d1783	targeted_param_exploration_2params_gain_cosine	liley	2	2	300	0.02	0.001	542.3493041992188	-545.5681800240869	[0.6336422562599182, 1.5582033441319254e-09]	48.92274442798225	ok
f5d1783	targeted_param_exploration_2params_gain_cosine	cmc	2	2	300	0.02	0.001	18.693458557128906	-21.912334381997105	[-2.422353744506836, 1.3416113688435871e-05]	43.279121909989044	ok
f5d1783	targeted_param_exploration_2params_gain_cosine	cmc	2	2	300	0.02	0.001	18.699356079101562	-21.91823190396976	[-2.4224331378936768, 1.3432315427053254e-05]	43.394744989986066	ok
f5d1783	targeted_param_exploration_2params_gain_cosine	rrw	2	2	300	0.02	0.001	2081.099853515625	-2084.318729340493	[1.6661058452882571e-06, -2.9271901439642534e-05]	42.02923962898785	ok
f5d1783	targeted_param_exploration_2params_gain_cosine	rrw	2	2	300	0.02	0.001	2088.5888671875	-2091.807743012368	[-1.151188826042926e-06, 4.954240648658015e-05]	42.085277268022764	ok
f5d1783	targeted_param_exploration_2params_gain_cosine	cbei	2	2	300	0.02	0.001	1792.3363037109375	-1795.5551795358058	[-0.04784997180104256, 0.0003712688048835844]	51.92396047397051	ok
f5d1783	targeted_param_exploration_2params_gain_cosine	cbei	2	2	300	0.02	0.001	1793.1298828125	-1796.3487586373683	[0.04773307591676712, 0.0003244839026592672]	52.12609443604015	ok
f5d1783	targeted_param_exploration_4params_timeconstants_warmup	liley	4	2	250	0.04	0.0005	36.413414001464844	-42.85116565120124	[-4.717228889465332, -0.00026786292437464, 0.49718889594078064, -3.060211658477783]	58.69870917702792	ok
f5d1783	targeted_param_exploration_4params_timeconstants_warmup	liley	4	2	250	0.04	0.0005	36.42449951171875	-42.86225116145515	[-4.717426300048828, 0.00016951560974121094, 0.4971942603588104, -3.060349702835083]	58.55992463196162	ok
f5d1783	targeted_param_exploration_4params_timeconstants_warmup	cmc	4	2	250	0.04	0.0005	17.183645248413086	-23.621396898149488	[-0.6605519652366638, 0.0008343369700014591, -1.9158027172088623, 0.00043858890421688557]	47.9003522900166	ok
f5d1783	targeted_param_exploration_4params_timeconstants_warmup	cmc	4	2	250	0.04	0.0005	17.186477661132812	-23.624229310869215	[-0.6606134176254272, -0.0007379594026133418, -1.9158717393875122, 0.0016773883253335953]	47.78098787099589	ok
f5d1783	targeted_param_exploration_4params_timeconstants_warmup	rrw	4	2	250	0.04	0.0005	2195.062255859375	-2201.5000075091116	[-0.0001467059482820332, 0.0005001790123060346, 2.988180637359619, 0.0029939142987132072]	51.01050856296206	ok
f5d1783	targeted_param_exploration_4params_timeconstants_warmup	rrw	4	2	250	0.04	0.0005	2225.927978515625	-2232.3657301653616	[-6.799614493502304e-05, -0.0017141217831522226, -3.878844976425171, -5.037683877162635e-06]	51.12066223600414	ok
f5d1783	targeted_param_exploration_4params_timeconstants_warmup	cbei	4	2	250	0.04	0.0005	1861.698974609375	-1868.1367262591114	[-0.5394483208656311, 0.22628504037857056, 0.5782990455627441, -0.3106328845024109]	60.435938210983295	ok
f5d1783	targeted_param_exploration_4params_timeconstants_warmup	cbei	4	2	250	0.04	0.0005	1868.093994140625	-1874.5317457903614	[-0.4876617193222046, 0.5554676055908203, 0.4874310791492462, -0.5219454765319824]	60.41499112197198	ok
f5d1783	targeted_param_exploration_5params_multistart_seed0	liley	5	2	200	0.05	0.0003	16.85586929321289	-24.903058855383392	[0.08832128345966339, 3.5679187249115785e-07, 9.305144317295344e-07, 4.416930675506592, 1.0406360626220703]	45.833753840008285	ok
f5d1783	targeted_param_exploration_5params_multistart_seed0	liley	5	2	200	0.05	0.0003	16.85744285583496	-24.904632418005463	[0.08836688846349716, 3.5673326692631235e-07, 9.305514367952128e-07, 4.416998863220215, 1.0406445264816284]	45.61375342798419	ok
f5d1783	targeted_param_exploration_5params_multistart_seed0	cmc	5	2	200	0.05	0.0003	16.61675453186035	-24.663944094030853	[-1.0490788221359253, -1.0490304231643677, 0.0001994866761378944, -0.4411015808582306, -5.99509633048001e-07]	40.84146550198784	ok
f5d1783	targeted_param_exploration_5params_multistart_seed0	cmc	5	2	200	0.05	0.0003	16.6191349029541	-24.666324465124603	[-1.04920494556427, -1.0491554737091064, 0.0001996617647819221, -0.4408385455608368, -5.993305762785894e-07]	41.03252620995045	ok
f5d1783	targeted_param_exploration_5params_multistart_seed0	rrw	5	2	200	0.05	0.0003	2245.12060546875	-2253.1677950309204	[0.0, 0.003050717059522867, -0.006769981235265732, -0.00025044105132110417, 3.4319345951080322]	43.239232575986534	ok
f5d1783	targeted_param_exploration_5params_multistart_seed0	rrw	5	2	200	0.05	0.0003	2322.79150390625	-2330.8386934684204	[0.0, 9.327064276476449e-07, -3.304075164578535e-07, -7.564460133835382e-07, -3.817612886428833]	43.22802634205436	ok
f5d1783	targeted_param_exploration_5params_multistart_seed0	cbei	5	2	200	0.05	0.0003	1602.8919677734375	-1610.939157335608	[0.0, 3.2208938598632812, -0.02440129779279232, -3.804025411605835, 4.899777412414551]	41.73350511002354	ok
f5d1783	targeted_param_exploration_5params_multistart_seed0	cbei	5	2	200	0.05	0.0003	1590.6514892578125	-1598.698678819983	[0.0, 3.269200563430786, 0.04487522318959236, -3.7753050327301025, 4.871669292449951]	41.5680316099897	ok
f5d1783	targeted_param_exploration_5params_multistart_seed7	liley	5	2	200	0.05	0.0003	16.85586929321289	-24.903058855383392	[0.08832128345966339, 3.5679187249115785e-07, 9.305144317295344e-07, 4.416930675506592, 1.0406360626220703]	46.04992327699438	ok
f5d1783	targeted_param_exploration_5params_multistart_seed7	liley	5	2	200	0.05	0.0003	16.85744285583496	-24.904632418005463	[0.08836688846349716, 3.5673326692631235e-07, 9.305514367952128e-07, 4.416998863220215, 1.0406445264816284]	47.392993159999605	ok
f5d1783	targeted_param_exploration_5params_multistart_seed7	cmc	5	2	200	0.05	0.0003	16.61675453186035	-24.663944094030853	[-1.0490788221359253, -1.0490304231643677, 0.0001994866761378944, -0.4411015808582306, -5.99509633048001e-07]	40.80856444698293	ok
f5d1783	targeted_param_exploration_5params_multistart_seed7	cmc	5	2	200	0.05	0.0003	16.6191349029541	-24.666324465124603	[-1.04920494556427, -1.0491554737091064, 0.0001996617647819221, -0.4408385455608368, -5.993305762785894e-07]	40.9761924649938	ok
19fd4cd	baseline_adam_2params	liley	2	2	100	0.01	0.001	542.2465209960938	-545.4653968209619	[0.5940947532653809, -7.526988338213414e-05]	26.06732875201851	ok
19fd4cd	baseline_adam_2params	liley	2	2	100	0.01	0.001	542.3633422851562	-545.5822181100244	[0.5939122438430786, -7.525258843088523e-05]	25.050977215985768	ok
19fd4cd	baseline_adam_2params	cmc	2	2	100	0.01	0.001	221.53732299804688	-224.75619882291508	[-0.9999992251396179, 6.097866207710467e-05]	17.163277001935057	ok
19fd4cd	baseline_adam_2params	cmc	2	2	100	0.01	0.001	221.5430908203125	-224.7619666451807	[-0.9999992251396179, 6.098035009927116e-05]	17.22746255004313	ok
19fd4cd	baseline_adam_2params	rrw	2	2	100	0.01	0.001	1311.0859375	-1314.3048133248683	[0.9436455965042114, 0.8882981538772583]	19.024856584961526	ok
19fd4cd	baseline_adam_2params	rrw	2	2	100	0.01	0.001	1313.515380859375	-1316.7342566842433	[0.945450484752655, 0.8909938335418701]	19.062310934998095	ok
19fd4cd	baseline_adam_2params	cbei	2	2	100	0.01	0.001	1792.3577880859375	-1795.5766639108058	[0.0, -0.04800288751721382]	22.91043491405435	ok
19fd4cd	baseline_adam_2params	cbei	2	2	100	0.01	0.001	1793.1585693359375	-1796.3774451608058	[0.0, 0.04788154363632202]	22.687514423043467	ok
ed2de53	baseline_adam_2params	liley	2	2	100	0.01	0.001	542.2465209960938	-545.4653968209619	[0.5940947532653809, -7.526988338213414e-05]	26.019761176081374	ok
ed2de53	baseline_adam_2params	liley	2	2	100	0.01	0.001	542.3633422851562	-545.5822181100244	[0.5939122438430786, -7.525258843088523e-05]	25.4525377380196	ok
ed2de53	baseline_adam_2params	cmc	2	2	100	0.01	0.001	221.53732299804688	-224.75619882291508	[-0.9999992251396179, 6.097866207710467e-05]	17.542746810941026	ok
ed2de53	baseline_adam_2params	cmc	2	2	100	0.01	0.001	221.5430908203125	-224.7619666451807	[-0.9999992251396179, 6.098035009927116e-05]	16.932822892908007	ok
ed2de53	baseline_adam_2params	rrw	2	2	100	0.01	0.001	1311.0859375	-1314.3048133248683	[0.9436455965042114, 0.8882981538772583]	18.77984503505286	ok
ed2de53	baseline_adam_2params	rrw	2	2	100	0.01	0.001	1313.515380859375	-1316.7342566842433	[0.945450484752655, 0.8909938335418701]	18.817279753042385	ok
ed2de53	baseline_adam_2params	cbei	2	2	100	0.01	0.001	1792.3577880859375	-1795.5766639108058	[0.0, -0.04800288751721382]	22.82328980998136	ok
ed2de53	baseline_adam_2params	cbei	2	2	100	0.01	0.001	1793.1585693359375	-1796.3774451608058	[0.0, 0.04788154363632202]	22.751471950905398	ok
ed2de53	baseline_adam_2params	liley	2	2	100	0.01	0.001	542.2465209960938	-545.4653968209619	[0.5940947532653809, -7.526988338213414e-05]	28.56835160695482	ok
ed2de53	baseline_adam_2params	liley	2	2	100	0.01	0.001	542.3633422851562	-545.5822181100244	[0.5939122438430786, -7.525258843088523e-05]	27.50484919792507	ok
ed2de53	baseline_adam_2params	cmc	2	2	100	0.01	0.001	221.53732299804688	-224.75619882291508	[-0.9999992251396179, 6.097866207710467e-05]	18.76474977808539	ok
ed2de53	baseline_adam_2params	cmc	2	2	100	0.01	0.001	221.5430908203125	-224.7619666451807	[-0.9999992251396179, 6.098035009927116e-05]	18.56716017809231	ok
ed2de53	baseline_adam_2params	rrw	2	2	100	0.01	0.001	1311.0859375	-1314.3048133248683	[0.9436455965042114, 0.8882981538772583]	20.76688972802367	ok
ed2de53	baseline_adam_2params	rrw	2	2	100	0.01	0.001	1313.515380859375	-1316.7342566842433	[0.945450484752655, 0.8909938335418701]	21.398564034025185	ok
ed2de53	baseline_adam_2params	cbei	2	2	100	0.01	0.001	1792.3577880859375	-1795.5766639108058	[0.0, -0.04800288751721382]	25.6010434810305	ok
ed2de53	baseline_adam_2params	cbei	2	2	100	0.01	0.001	1793.1585693359375	-1796.3774451608058	[0.0, 0.04788154363632202]	25.45625340892002	ok
ed2de53	baseline_adam_2params	liley	2	2	100	0.01	0.001	542.2465209960938	-545.4653968209619	[0.5940947532653809, -7.526988338213414e-05]	25.0287195519777	ok
ed2de53	baseline_adam_2params	liley	2	2	100	0.01	0.001	542.3633422851562	-545.5822181100244	[0.5939122438430786, -7.525258843088523e-05]	25.109719388885424	ok
ed2de53	baseline_adam_2params	cmc	2	2	100	0.01	0.001	221.53732299804688	-224.75619882291508	[-0.9999992251396179, 6.097866207710467e-05]	17.008169711916707	ok
ed2de53	baseline_adam_2params	cmc	2	2	100	0.01	0.001	221.5430908203125	-224.7619666451807	[-0.9999992251396179, 6.098035009927116e-05]	16.697950961999595	ok
ed2de53	baseline_adam_2params	rrw	2	2	100	0.01	0.001	1311.0859375	-1314.3048133248683	[0.9436455965042114, 0.8882981538772583]	18.47064136597328	ok
ed2de53	baseline_adam_2params	rrw	2	2	100	0.01	0.001	1313.515380859375	-1316.7342566842433	[0.945450484752655, 0.8909938335418701]	18.68242279801052	ok
ed2de53	baseline_adam_2params	cbei	2	2	100	0.01	0.001	1792.3577880859375	-1795.5766639108058	[0.0, -0.04800288751721382]	22.275811490020715	ok
ed2de53	baseline_adam_2params	cbei	2	2	100	0.01	0.001	1793.1585693359375	-1796.3774451608058	[0.0, 0.04788154363632202]	22.544873245991766	ok
ed2de53	uniform_cmc_config	liley	2	2	150	0.05	0.0002	546.0693969726562	-549.2882727975244	[0.6653690934181213, -8.549807716917712e-06]	30.768084530020133	ok
ed2de53	uniform_cmc_config	liley	2	2	150	0.05	0.0002	546.1009521484375	-549.3198279733057	[0.6653521060943604, -8.546850040147547e-06]	30.622785391984507	ok
ed2de53	uniform_cmc_config	cmc	2	2	150	0.05	0.0002	18.698802947998047	-21.917678772866246	[-2.4220056533813477, -1.2218607480463106e-05]	21.167120428057387	ok
ed2de53	uniform_cmc_config	cmc	2	2	150	0.05	0.0002	18.700441360473633	-21.919317185341832	[-2.422036647796631, -1.2218784831929952e-05]	21.126774091972038	ok
ed2de53	uniform_cmc_config	rrw	2	2	150	0.05	0.0002	680.0901489257812	-683.3090247506494	[4.833093166351318, 4.919867515563965]	23.78559519792907	ok
ed2de53	uniform_cmc_config	rrw	2	2	150	0.05	0.0002	680.1023559570312	-683.3212317818994	[4.83309268951416, 4.91978120803833]	23.811741273966618	ok
ed2de53	uniform_cmc_config	cbei	2	2	150	0.05	0.0002	1907.6282958984375	-1910.8471717233058	[0.0, -0.025629302486777306]	29.41961559804622	ok
ed2de53	uniform_cmc_config	cbei	2	2	150	0.05	0.0002	1909.8685302734375	-1913.0874060983058	[0.0, -0.005001615732908249]	28.522520710946992	ok
ed2de53	uniform_cmc_config	liley	2	2	150	0.05	0.0002	546.0693969726562	-549.2882727975244	[0.6653690934181213, -8.549807716917712e-06]	31.13437410304323	ok
ed2de53	uniform_cmc_config	liley	2	2	150	0.05	0.0002	546.1009521484375	-549.3198279733057	[0.6653521060943604, -8.546850040147547e-06]	31.189126525074244	ok
ed2de53	uniform_cmc_config	cmc	2	2	150	0.05	0.0002	18.698802947998047	-21.917678772866246	[-2.4220056533813477, -1.2218607480463106e-05]	21.353120343992487	ok
ed2de53	uniform_cmc_config	cmc	2	2	150	0.05	0.0002	18.700441360473633	-21.919317185341832	[-2.422036647796631, -1.2218784831929952e-05]	21.48420264397282	ok
ed2de53	uniform_cmc_config	rrw	2	2	150	0.05	0.0002	680.0901489257812	-683.3090247506494	[4.833093166351318, 4.919867515563965]	23.72858548304066	ok
ed2de53	uniform_cmc_config	rrw	2	2	150	0.05	0.0002	680.1023559570312	-683.3212317818994	[4.83309268951416, 4.91978120803833]	23.69146643206477	ok
ed2de53	uniform_cmc_config	cbei	2	2	150	0.05	0.0002	1907.6282958984375	-1910.8471717233058	[0.0, -0.025629302486777306]	28.651197273051366	ok
ed2de53	uniform_cmc_config	cbei	2	2	150	0.05	0.0002	1909.8685302734375	-1913.0874060983058	[0.0, -0.005001615732908249]	28.66049616597593	ok
ed2de53		liley	2	0	150	0.05	0.0002	1014.5175170898438	-1017.7363929147119	[4.966701984405518, -2.3230370061355643e-05]	30.899645686964504	ok
ed2de53		cmc	2	0	150	0.05	0.0002	34.46210861206055	-37.680984436928746	[-2.426945924758911, -1.1300765436317306e-05]	21.550169712980278	ok
ed2de53		rrw	2	0	200	0.09	0.0002	397.43353271484375	-400.6524085397119	[7.81226110458374, 10.516571044921875]	29.6699854710605	ok
ed2de53		cbei	2	0	200	0.09	0.0002	3815.265869140625	-3818.484744965493	[0.0, -0.050135672092437744]	35.602269042050466	ok
ed2de53	best_aggregate	ALL	0	2	0	0.0	0.0	717.4575071334839	-inf	[]	0.0	ok
ed2de53		cmc	5	0	200	0.05	0.0003	32.98248291015625	-41.02967247232675	[-1.215623378753662, -7.103984671630315e-07, 1.9625193090178072e-05, 0.0002856201317626983, -1.2155532836914062]	34.82259674195666	ok
ed2de53		liley	3	0	200	0.05	0.0003	657.9716186523438	-662.7999323896461	[6.649465560913086, -1.3488267541106325e-05, 0.651462733745575]	44.43813096405938	ok
ed2de53		liley	2	0	200	0.05	0.0003	754.7424926757812	-757.9613685006494	[6.627811908721924, -1.8056331100524403e-05]	38.21901481295936	ok
ed2de53		rrw	2	0	200	0.01	0.0003	2688.45458984375	-2691.673465668618	[1.141837477684021, 1.1089258193969727]	29.72857517306693	ok
ed2de53		rrw	2	0	200	0.05	0.0003	2691.36328125	-2694.582157074868	[0.40763264894485474, 0.3825208246707916]	29.795379859977402	ok
ed2de53		rrw	2	0	200	0.05	0.0003	1031.164306640625	-1034.3831824654933	[6.012660503387451, -4.581779479980469]	30.938422658946365	ok
ed2de53		cbei	2	0	200	0.05	0.0003	3798.98095703125	-3802.199832856118	[0.0, -0.06350783258676529]	35.7251820480451	ok
ed2de53		cbei	3	0	200	0.05	0.0003	3798.98095703125	-3803.8092707685523	[0.0, -0.06350627541542053, 0.0010035798186436296]	37.80364878405817	ok
ed2de53	best_aggregate	ALL	0	2	0	0.0	0.0	1380.2748413085938	-inf	[]	0.0	ok
ed2de53	cmc5_liley5_rrw_cbei_connectivity_params	liley	5	2	200	0.05	0.0003	61.73426818847656	-69.78145775064706	[0.02539617009460926, -0.012040120549499989, -4.743363380432129, -3.389246785445721e-07, -8.832756748233805e-07]	41.52253669500351	ok
ed2de53	cmc5_liley5_rrw_cbei_connectivity_params	liley	5	2	200	0.05	0.0003	61.737953186035156	-69.78514274820566	[0.02539810724556446, -0.012049486860632896, -4.74350118637085, -3.391191967239138e-07, -8.840768259688048e-07]	41.62929321301635	ok
ed2de53	cmc5_liley5_rrw_cbei_connectivity_params	cmc	5	2	200	0.05	0.0003	18.699270248413086	-26.746459810583588	[-2.421637535095215, 1.8980988443217939e-06, 4.0912909753387794e-05, 0.001673364546149969, 1.3967182894703e-06]	30.22481039899867	ok
ed2de53	cmc5_liley5_rrw_cbei_connectivity_params	cmc	5	2	200	0.05	0.0003	18.701318740844727	-26.748508303015228	[-2.4216701984405518, 1.8976619458044297e-06, 4.088802234036848e-05, 0.0016952500445768237, 1.3966335927761975e-06]	30.201509585953318	ok
ed2de53	cmc5_liley5_rrw_cbei_connectivity_params	rrw	4	2	200	0.05	0.0003	207.51388549804688	-213.9516371477833	[11.814250946044922, -2.3672871589660645, 4.010315478808479e-06, -8.627057468402199e-07]	31.900857056025416	ok
ed2de53	cmc5_liley5_rrw_cbei_connectivity_params	rrw	4	2	200	0.05	0.0003	207.38198852539062	-213.81974017512704	[11.816468238830566, -2.3671512603759766, 4.016298589704093e-06, -8.626565772829053e-07]	31.6208017290337	ok
ed2de53	cmc5_liley5_rrw_cbei_connectivity_params	cbei	4	2	200	0.05	0.0003	1898.6002197265625	-1905.0379713762989	[0.01652584969997406, 0.00012596705346368253, -1.0414375066757202, -0.003462732071056962]	40.22119172906969	ok
ed2de53	cmc5_liley5_rrw_cbei_connectivity_params	cbei	4	2	200	0.05	0.0003	1899.6434326171875	-1906.0811842669239	[0.05913880094885826, 7.497821934521198e-05, -1.3996399641036987, -0.0011596480617299676]	39.88607322203461	ok
ed2de53	cmc5_liley5_rrw_cbei_connectivity_params	ALL	0	2	0	0.0	0.0	546.7515420913696	-inf	[]	0.0	ok
ed2de53	cosine_lr_broader_params	liley	5	2	250	0.04	0.0002	22.996522903442383	-31.043712465612884	[0.002207911340519786, 4.0323062222569206e-08, -1.6240303324366323e-08, -1.9278595447540283, 3.066298246383667]	52.72317070001736	ok
ed2de53	cosine_lr_broader_params	liley	5	2	250	0.04	0.0002	22.997753143310547	-31.04494270548105	[0.0022080624476075172, 4.0325200956203844e-08, -1.6235974342748705e-08, -1.9278521537780762, 3.0663068294525146]	52.69258728099521	ok
ed2de53	cosine_lr_broader_params	cmc	5	2	250	0.04	0.0002	17.232105255126953	-25.279294817297455	[-1.2141367197036743, -1.2140134572982788, 4.1227260226150975e-05, 2.9683420166293217e-08, 0.00026848018751479685]	42.00452874903567	ok
ed2de53	cosine_lr_broader_params	cmc	5	2	250	0.04	0.0002	17.230276107788086	-25.277465669958588	[-1.214154601097107, -1.214030146598816, 4.122426616959274e-05, 2.9665349288166e-08, 0.00026806368259713054]	42.019248493015766	ok
ed2de53	cosine_lr_broader_params	rrw	5	2	250	0.04	0.0002	491.06634521484375	-499.11353477701425	[6.212395191192627, -4.168171405792236, 0.013258733786642551, -2.105990643030964e-05, -0.0028151508886367083]	41.45833220903296	ok
ed2de53	cosine_lr_broader_params	rrw	5	2	250	0.04	0.0002	491.0666198730469	-499.1138094352174	[6.212421894073486, -4.167877197265625, 0.013256031088531017, -2.1058182028355077e-05, -0.002813879167661071]	41.349931275937706	ok
ed2de53	cosine_lr_broader_params	cbei	5	2	250	0.04	0.0002	829.3768920898438	-837.4240816520143	[-0.7325297594070435, -1.9828563679880062e-08, 4.5574564933776855, -2.7070610523223877, 3.5151844024658203]	58.347272356040776	ok
ed2de53	cosine_lr_broader_params	cbei	5	2	250	0.04	0.0002	1896.209228515625	-1904.2564180777954	[-0.055087387561798096, 0.0002716445305850357, -0.8738886117935181, -0.44253209233283997, 0.3243233859539032]	58.480863319011405	ok
ed2de53	warmup_lr_intrinsic_params	liley	5	2	250	0.06	0.0003	39.330780029296875	-47.37796959146738	[-0.000512316357344389, -0.00043823494343087077, 0.5113335847854614, -2.6394176483154297, -4.5840582847595215]	64.3898849269608	ok
ed2de53	warmup_lr_intrinsic_params	liley	5	2	250	0.06	0.0003	39.332698822021484	-47.379888384191986	[-0.002929015550762415, 0.0003839928249362856, 0.5113357901573181, -2.6394765377044678, -4.5842132568359375]	64.36641885200515	ok
ed2de53	warmup_lr_intrinsic_params	cmc	5	2	250	0.06	0.0003	8.27377700805664	-16.320966570227142	[-1.3392972946166992, -1.3390541076660156, 3.3957887353608385e-05, 2.405698537826538, 0.0004214112996123731]	49.59692099399399	ok
ed2de53	warmup_lr_intrinsic_params	cmc	5	2	250	0.06	0.0003	8.283449172973633	-16.330638735144134	[-1.3400131464004517, -1.339774250984192, 0.0002381385420449078, 2.403491258621216, 0.0006345453439280391]	49.582135481061414	ok
ed2de53	warmup_lr_intrinsic_params	rrw	5	2	250	0.06	0.0003	nan	nan	[nan, nan, nan, nan, nan]	63.058729253010824	ok
ed2de53	warmup_lr_intrinsic_params	rrw	5	2	250	0.06	0.0003	nan	nan	[nan, nan, nan, nan, nan]	63.20642791001592	ok
ed2de53	warmup_lr_intrinsic_params	cbei	5	2	250	0.06	0.0003	42.01230239868164	-50.05949196085214	[0.0, -0.6179781556129456, -8.066064083322999e-07, 13.732242584228516, -0.0003678685752674937]	42.68271162698511	ok
ed2de53	warmup_lr_intrinsic_params	cbei	5	2	250	0.06	0.0003	42.01200866699219	-50.05919822916269	[0.0, -0.6166865825653076, -3.3679339139780495e-06, 13.732259750366211, 0.00011851520685013384]	42.802232407964766	ok
ed2de53	high_lr_minimal_params	liley	3	2	300	0.08	0.0001	33.773704528808594	-38.602018266110896	[12.029467582702637, 5.218584675503735e-09, 1.0681644901922027e-08]	54.214361813967116	ok
ed2de53	high_lr_minimal_params	liley	3	2	300	0.08	0.0001	33.77634811401367	-38.604661851315974	[12.029559135437012, 5.219557230873306e-09, 1.068137045479034e-08]	53.97122484911233	ok
ed2de53	high_lr_minimal_params	cmc	3	2	300	0.08	0.0001	16.12104606628418	-20.949359803586482	[-1.2164459228515625, -1.216257095336914, 0.00015338191587943584]	44.32482326205354	ok
ed2de53	high_lr_minimal_params	cmc	3	2	300	0.08	0.0001	16.12355613708496	-20.951869874387263	[-1.21641206741333, -1.2162232398986816, 0.00015334739873651415]	44.22387341898866	ok
ed2de53	high_lr_minimal_params	rrw	3	2	300	0.08	0.0001	135.78033447265625	-140.60864820995855	[15.577712059020996, -2.7197608947753906, -2.7029647753806785e-05]	43.71280672494322	ok
ed2de53	high_lr_minimal_params	rrw	3	2	300	0.08	0.0001	135.80123901367188	-140.62955275097417	[15.562989234924316, -2.71968936920166, -2.711290835577529e-05]	43.62951160897501	ok
ed2de53	high_lr_minimal_params	cbei	3	2	300	0.08	0.0001	1865.056884765625	-1869.8851985029273	[-0.10751282423734665, 0.002171882661059499, -4.081995964050293]	53.22522897005547	ok
ed2de53	high_lr_minimal_params	cbei	3	2	300	0.08	0.0001	1866.5867919921875	-1871.4151057294898	[-0.08489614725112915, 0.002190906787291169, -4.079501628875732]	53.53846036607865	ok
ed2de53	mixed_params_cosine_low_noise	liley	5	2	200	0.05	0.00015	22.372846603393555	-30.420036165564056	[0.00014429671864490956, 8.254272643171134e-07, -1.826545000076294, 0.6158838272094727, 2.762592077255249]	48.371341465972364	ok
ed2de53	mixed_params_cosine_low_noise	liley	5	2	200	0.05	0.00015	22.377782821655273	-30.424972383825775	[0.0001442716020392254, 8.254488079728617e-07, -1.8265655040740967, 0.6158584356307983, 2.762648582458496]	48.33062455803156	ok
ed2de53	mixed_params_cosine_low_noise	cmc	5	2	200	0.05	0.00015	17.78748893737793	-25.83467849954843	[-0.966046154499054, -8.433921721007209e-07, 7.038413514237618e-06, -0.9659939408302307, -0.638840913772583]	40.54570651601534	ok
ed2de53	mixed_params_cosine_low_noise	cmc	5	2	200	0.05	0.00015	17.792003631591797	-25.8391931937623	[-0.9660641551017761, -8.433908647020871e-07, 7.041347089398187e-06, -0.9660112857818604, -0.6388128399848938]	40.81347122997977	ok
ed2de53	mixed_params_cosine_low_noise	rrw	5	2	200	0.05	0.00015	1133.6353759765625	-1141.682565538733	[2.409583806991577, -3.6400997638702393, 0.7977656126022339, 0.7468819618225098, 0.9353088140487671]	50.11083218897693	ok
ed2de53	mixed_params_cosine_low_noise	rrw	5	2	200	0.05	0.00015	1133.584716796875	-1141.6319063590454	[2.4095633029937744, -3.639930486679077, 0.797717273235321, 0.746834397315979, 0.9352937340736389]	49.49118449096568	ok
ed2de53	drive_connectivity_cosine_lr	liley	5	2	250	0.08	0.0003	61.73247146606445	-69.77966102823495	[0.02539132349193096, 8.054855982209119e-08, -0.012099954299628735, 9.463875016990642e-07, -4.744620323181152]	51.5635659720283	ok
ed2de53	drive_connectivity_cosine_lr	liley	5	2	250	0.08	0.0003	61.73759460449219	-69.78478416666269	[0.0253946203738451, 8.055536682149977e-08, -0.012111937627196312, 9.465270522923674e-07, -4.744776725769043]	51.3898513520835	ok
ed2de53	drive_connectivity_cosine_lr	cmc	5	2	250	0.08	0.0003	17.228403091430664	-25.275592653601166	[-1.2141929864883423, -1.2139841318130493, 4.1162111301673576e-05, -2.2510436181732985e-08, 0.0002699183241929859]	42.28950177796651	ok
ed2de53	drive_connectivity_cosine_lr	cmc	5	2	250	0.08	0.0003	17.23174285888672	-25.27893242105722	[-1.2141931056976318, -1.2139850854873657, 4.1173847421305254e-05, -2.2509578201379554e-08, 0.0002712834975682199]	42.32424921402708	ok
ed2de53	drive_connectivity_cosine_lr	rrw	5	2	250	0.08	0.0003	222.46221923828125	-230.50940880045175	[5.4683451652526855, 11.327670097351074, -1.3687138557434082, -0.00554612884297967, 1.02842157012617e-09]	38.307870890945196	ok
ed2de53	drive_connectivity_cosine_lr	rrw	5	2	250	0.08	0.0003	222.34352111816406	-230.39071068033456	[5.468075752258301, 11.327492713928223, -1.3687825202941895, -0.005543306935578585, 1.0303951025747438e-09]	38.33296650403645	ok
ed2de53	drive_connectivity_cosine_lr	cbei	5	2	250	0.08	0.0003	1898.60009765625	-1906.6472872184204	[0.0, 0.016525130718946457, 0.00012620708730537444, -1.0414565801620483, -0.003463219152763486]	48.337461597053334	ok
ed2de53	drive_connectivity_cosine_lr	cbei	5	2	250	0.08	0.0003	1899.6434326171875	-1907.690622179358	[0.0, 0.05914289876818657, 7.532927702413872e-05, -1.3996211290359497, -0.001160038635134697]	48.73361734102946	ok
ed2de53	drive_connectivity_cosine_lr	ALL	0	2	0	0.0	0.0	550.1224353313446	-inf	[]	0.0	ok
ed2de53	timeconstants_warmup_lr	liley	5	2	250	0.06	0.0002	18.9359130859375	-26.983102648108	[-1.5338826179504395, 0.0011744708754122257, 3.650632381439209, 0.002419771859422326, 1.7830112483352423e-05]	50.85600574000273	ok
ed2de53	timeconstants_warmup_lr	liley	5	2	250	0.06	0.0002	18.93689727783203	-26.984086840002533	[-1.5338636636734009, 0.0034288926981389523, 3.6506307125091553, 0.0024193287827074528, 1.6633712220937014e-05]	50.78000908601098	ok
ed2de53	timeconstants_warmup_lr	cmc	5	2	250	0.06	0.0002	3.4968931674957275	-11.54408272966623	[-0.6394971013069153, 3.847769260406494, 6.399047560989857e-05, -0.6393656134605408, 0.004586559254676104]	49.52167095209006	ok
ed2de53	timeconstants_warmup_lr	cmc	5	2	250	0.06	0.0002	3.496873378753662	-11.544062940924164	[-0.6395564079284668, 3.8478105068206787, -0.0013862987980246544, -0.6394303441047668, 0.0001729338546283543]	49.410939585999586	ok
ed2de53	timeconstants_warmup_lr	rrw	5	2	250	0.06	0.0002	130.0585479736328	-138.1057375358033	[5.077066421508789, 3.5610220432281494, 9.145403861999512, -3.2776591777801514, 0.9386793971061707]	58.8197407660773	ok
ed2de53	timeconstants_warmup_lr	rrw	5	2	250	0.06	0.0002	130.10850524902344	-138.15569481119394	[5.073395252227783, 3.5585432052612305, 9.131598472595215, -3.2795045375823975, 0.939376175403595]	58.99994352599606	ok
ed2de53	timeconstants_warmup_lr	cbei	5	2	250	0.06	0.0002	1892.1925048828125	-1900.239694444983	[-0.5452120900154114, 0.24386949837207794, 0.4396165907382965, -0.41016167402267456, 0.0]	61.358206353965215	ok
ed2de53	timeconstants_warmup_lr	cbei	5	2	250	0.06	0.0002	1896.0440673828125	-1904.091256944983	[-0.5273470282554626, 0.3442205488681793, 0.4176088273525238, -0.4926471710205078, 0.0]	61.4770951209357	ok
ed2de53	timeconstants_warmup_lr	ALL	0	2	0	0.0	0.0	511.6587752997875	-inf	[]	0.0	ok
ed2de53	minimal3_high_lr_cosine	liley	3	2	300	0.1	0.0001	33.772254943847656	-38.60056868114996	[12.029051780700684, 8.1814643948519e-09, -1.4088785249555258e-08]	54.094699008972384	ok
ed2de53	minimal3_high_lr_cosine	liley	3	2	300	0.1	0.0001	33.77510070800781	-38.603414445310115	[12.02914810180664, 8.181697097597862e-09, -1.4088014310686958e-08]	54.309590906021185	ok
ed2de53	minimal3_high_lr_cosine	cmc	3	2	300	0.1	0.0001	16.123802185058594	-20.952115922360896	[-1.2164897918701172, -1.2162247896194458, 0.00015313005133066326]	44.31515783397481	ok
ed2de53	minimal3_high_lr_cosine	cmc	3	2	300	0.1	0.0001	16.123613357543945	-20.951927094846248	[-1.216487169265747, -1.2162166833877563, 0.0001531511079519987]	44.464110010070726	ok
ed2de53	minimal3_high_lr_cosine	rrw	3	2	300	0.1	0.0001	135.4701385498047	-140.29845228710698	[15.336288452148438, -1.9694679975509644, 0.1697549819946289]	43.75464990606997	ok
ed2de53	minimal3_high_lr_cosine	rrw	3	2	300	0.1	0.0001	135.48951721191406	-140.31783094921636	[15.325756072998047, -1.9693124294281006, 0.16992761194705963]	43.55644239508547	ok
ed2de53	minimal3_high_lr_cosine	cbei	3	2	300	0.1	0.0001	1912.985107421875	-1917.8134211591773	[0.0, -0.06608118116855621, 0.0019754800014197826]	53.12435543304309	ok
ed2de53	minimal3_high_lr_cosine	cbei	3	2	300	0.1	0.0001	1914.3170166015625	-1919.1453303388648	[0.0, -0.027560632675886154, 0.0020376567263156176]	53.39945023297332	ok
ed2de53	minimal3_high_lr_cosine	ALL	0	2	0	0.0	0.0	524.7570688724518	-inf	[]	0.0	ok
ed2de53	broad6_moderate_lr_cosine	liley	6	2	200	0.05	0.0005	23.075069427490234	-32.73169690209484	[0.002222222974523902, 3.6367697475725436e-07, 7.882173918005719e-07, -8.789756975602359e-07, -2.0397350788116455, 2.9722840785980225]	48.399092022911645	ok
ed2de53	broad6_moderate_lr_cosine	liley	6	2	200	0.05	0.0005	23.07793617248535	-32.734563647089956	[0.0022224788554012775, 3.6360731314744044e-07, 7.882472345954739e-07, -8.789724006419419e-07, -2.0397720336914062, 2.9723432064056396]	48.1209820889635	ok
ed2de53	broad6_moderate_lr_cosine	cmc	6	2	200	0.05	0.0005	17.76677703857422	-27.42340451317882	[-0.9771499037742615, -0.9770928025245667, 2.9903299946454354e-05, -0.612280547618866, -8.424132147411001e-07, 0.00021315578487701714]	42.77771232603118	ok
ed2de53	broad_params_cosine_lr	liley	6	2	250	0.04	0.0002	19.156591415405273	-28.813218890009875	[0.002860380569472909, 4.0394507294649884e-08, 2.4506670470714198e-08, -2.027690887451172, -3.462974973444943e-08, 3.2072253227233887]	54.50713506899774	ok
ed2de53	broad_params_cosine_lr	liley	6	2	250	0.04	0.0002	19.158464431762695	-28.815091906367297	[0.002860441105440259, 4.039621614992939e-08, 2.454691916398133e-08, -2.0276873111724854, -3.4638063084457826e-08, 3.2072255611419678]	54.67995268001687	ok
ed2de53	broad_params_cosine_lr	cmc	6	2	250	0.04	0.0002	16.409404754638672	-26.066032229243273	[-1.2157989740371704, -1.2157304286956787, 8.792492735665292e-05, 1.2588881759256765e-07, 2.2855027054902166e-05, 0.00031386129558086395]	45.02322205598466	ok
ed2de53	broad_params_cosine_lr	cmc	6	2	250	0.04	0.0002	16.41101837158203	-26.067645846186632	[-1.2158125638961792, -1.2157436609268188, 8.791354048298672e-05, 1.2584594344389188e-07, 2.2850706955068745e-05, 0.00031471115653403103]	44.781559102004394	ok
ed2de53	broad_params_cosine_lr	rrw	6	2	250	0.04	0.0002	273.4739074707031	-283.1305349453077	[6.5651445388793945, -4.328749656677246, 0.011750621721148491, -2.6456180421519093e-05, -0.009239684790372849, 1.4267905950546265]	58.383038548985496	ok
ed2de53	broad_params_cosine_lr	rrw	6	2	250	0.04	0.0002	273.4543762207031	-283.1110036953077	[6.565275192260742, -4.328639507293701, 0.011765783652663231, -2.6505722416914068e-05, -0.009238536469638348, 1.4269039630889893]	58.1592033279594	ok
ed2de53	broad_params_cosine_lr	cbei	6	2	250	0.04	0.0002	791.87744140625	-801.5340688808546	[-0.22315269708633423, 3.2841452224374734e-08, 4.531448841094971, -6.902553195686778e-06, -2.7679436206817627, 3.60014009475708]	59.63409502606373	ok
ed2de53	broad_params_cosine_lr	cbei	6	2	250	0.04	0.0002	1895.7666015625	-1905.4232290371046	[-0.034180331975221634, 0.00017887403373606503, -1.4057910442352295, -0.004089642316102982, -0.43536749482154846, 0.5040945410728455]	59.729768595076166	ok
ed2de53	broad_params_cosine_lr	ALL	0	2	0	0.0	0.0	413.2134757041931	-inf	[]	0.0	ok
ed2de53	minimal_params_warmup_lr	liley	3	2	300	0.06	0.0001	30.101451873779297	-34.9297656110816	[10.103915214538574, -0.000285714166238904, -2.3792011737823486]	56.02799361094367	ok
ed2de53	minimal_params_warmup_lr	liley	3	2	300	0.06	0.0001	30.103023529052734	-34.93133726635504	[10.10399055480957, -0.00033140595769509673, -2.379127264022827]	55.89656606898643	ok
ed2de53	minimal_params_warmup_lr	cmc	3	2	300	0.06	0.0001	16.124589920043945	-20.952903657346248	[-1.216493010520935, -1.2163059711456299, 0.0007233531214296818]	44.254419706063345	ok
ed2de53	minimal_params_warmup_lr	cmc	3	2	300	0.06	0.0001	16.123817443847656	-20.95213118114996	[-1.2164744138717651, -1.216283917427063, 0.005354390945285559]	44.33427871100139	ok
ed2de53	minimal_params_warmup_lr	rrw	3	2	300	0.06	0.0001	135.7647705078125	-140.5930842451148	[15.51161003112793, -2.6577553749084473, -0.0005526018212549388]	43.595036307000555	ok
ed2de53	minimal_params_warmup_lr	rrw	3	2	300	0.06	0.0001	135.78494262695312	-140.61325636425542	[15.497506141662598, -2.657662868499756, -0.0005515145603567362]	43.570274146972224	ok
ed2de53	minimal_params_warmup_lr	cbei	3	2	300	0.06	0.0001	1897.84130859375	-1902.6696223310523	[-0.5182611346244812, 0.008992058224976063, -0.512053370475769]	58.31181290396489	ok
ed2de53	minimal_params_warmup_lr	cbei	3	2	300	0.06	0.0001	1900.0689697265625	-1904.8972834638648	[-0.47322341799736023, 0.0064780269749462605, -0.499620646238327]	58.46985664789099	ok
ed2de53	minimal_params_warmup_lr	ALL	0	2	0	0.0	0.0	520.2391092777252	-inf	[]	0.0	ok
ed2de53	broad_params_cosine_lr	liley	6	2	250	0.04	0.0002	19.156591415405273	-28.813218890009875	[0.002860380569472909, 4.0394507294649884e-08, 2.4506670470714198e-08, -2.027690887451172, -3.462974973444943e-08, 3.2072253227233887]	54.54955250502098	ok
ed2de53	broad_params_cosine_lr	liley	6	2	250	0.04	0.0002	19.158464431762695	-28.815091906367297	[0.002860441105440259, 4.039621614992939e-08, 2.454691916398133e-08, -2.0276873111724854, -3.4638063084457826e-08, 3.2072255611419678]	54.443363463971764	ok
ed2de53	broad_params_cosine_lr	cmc	6	2	250	0.04	0.0002	16.409404754638672	-26.066032229243273	[-1.2157989740371704, -1.2157304286956787, 8.792492735665292e-05, 1.2588881759256765e-07, 2.2855027054902166e-05, 0.00031386129558086395]	44.91868009290192	ok
ed2de53	broad_params_cosine_lr	cmc	6	2	250	0.04	0.0002	16.41101837158203	-26.067645846186632	[-1.2158125638961792, -1.2157436609268188, 8.791354048298672e-05, 1.2584594344389188e-07, 2.2850706955068745e-05, 0.00031471115653403103]	44.944825820974074	ok
ed2de53	broad_params_cosine_lr	rrw	6	2	250	0.04	0.0002	273.4739074707031	-283.1305349453077	[6.5651445388793945, -4.328749656677246, 0.011750621721148491, -2.6456180421519093e-05, -0.009239684790372849, 1.4267905950546265]	58.11941099201795	ok
ed2de53	broad_params_cosine_lr	rrw	6	2	250	0.04	0.0002	273.4543762207031	-283.1110036953077	[6.565275192260742, -4.328639507293701, 0.011765783652663231, -2.6505722416914068e-05, -0.009238536469638348, 1.4269039630889893]	58.30905568494927	ok
ed2de53	broad_params_cosine_lr	cbei	6	2	250	0.04	0.0002	791.87744140625	-801.5340688808546	[-0.22315269708633423, 3.2841452224374734e-08, 4.531448841094971, -6.902553195686778e-06, -2.7679436206817627, 3.60014009475708]	59.606267465045676	ok
ed2de53	broad_params_cosine_lr	cbei	6	2	250	0.04	0.0002	1895.7666015625	-1905.4232290371046	[-0.034180331975221634, 0.00017887403373606503, -1.4057910442352295, -0.004089642316102982, -0.43536749482154846, 0.5040945410728455]	59.60205607698299	ok
ed2de53	broad_params_cosine_lr	ALL	0	2	0	0.0	0.0	413.2134757041931	-inf	[]	0.0	ok
ed2de53	minimal_params_warmup_lr	liley	3	2	300	0.06	0.0001	30.101451873779297	-34.9297656110816	[10.103915214538574, -0.000285714166238904, -2.3792011737823486]	56.09349067101721	ok
ed2de53	minimal_params_warmup_lr	liley	3	2	300	0.06	0.0001	30.103023529052734	-34.93133726635504	[10.10399055480957, -0.00033140595769509673, -2.379127264022827]	55.89069266198203	ok
ed2de53	minimal_params_warmup_lr	cmc	3	2	300	0.06	0.0001	16.124589920043945	-20.952903657346248	[-1.216493010520935, -1.2163059711456299, 0.0007233531214296818]	44.18718344310764	ok
ed2de53	minimal_params_warmup_lr	cmc	3	2	300	0.06	0.0001	16.123817443847656	-20.95213118114996	[-1.2164744138717651, -1.216283917427063, 0.005354390945285559]	44.34370965894777	ok
ed2de53	minimal_params_warmup_lr	rrw	3	2	300	0.06	0.0001	135.7647705078125	-140.5930842451148	[15.51161003112793, -2.6577553749084473, -0.0005526018212549388]	43.546853317995556	ok
ed2de53	minimal_params_warmup_lr	rrw	3	2	300	0.06	0.0001	135.78494262695312	-140.61325636425542	[15.497506141662598, -2.657662868499756, -0.0005515145603567362]	43.637973306002095	ok
ed2de53	minimal_params_warmup_lr	cbei	3	2	300	0.06	0.0001	1897.84130859375	-1902.6696223310523	[-0.5182611346244812, 0.008992058224976063, -0.512053370475769]	58.430424520978704	ok
ed2de53	minimal_params_warmup_lr	cbei	3	2	300	0.06	0.0001	1900.0689697265625	-1904.8972834638648	[-0.47322341799736023, 0.0064780269749462605, -0.499620646238327]	58.267092405003496	ok
ed2de53	minimal_params_warmup_lr	ALL	0	2	0	0.0	0.0	520.2391092777252	-inf	[]	0.0	ok
ed2de53	default	liley	6	2	250	0.04	0.0002	19.156591415405273	-28.813218890009875	[0.002860380569472909, 4.0394507294649884e-08, 2.4506670470714198e-08, -2.027690887451172, -3.462974973444943e-08, 3.2072253227233887]	54.57089472305961	ok
ed2de53	default	liley	6	2	250	0.04	0.0002	19.158464431762695	-28.815091906367297	[0.002860441105440259, 4.039621614992939e-08, 2.454691916398133e-08, -2.0276873111724854, -3.4638063084457826e-08, 3.2072255611419678]	54.546134869917296	ok
ed2de53	default	cmc	6	2	250	0.04	0.0002	16.409404754638672	-26.066032229243273	[-1.2157989740371704, -1.2157304286956787, 8.792492735665292e-05, 1.2588881759256765e-07, 2.2855027054902166e-05, 0.00031386129558086395]	44.666295842966065	ok
ed2de53	default	cmc	6	2	250	0.04	0.0002	16.41101837158203	-26.067645846186632	[-1.2158125638961792, -1.2157436609268188, 8.791354048298672e-05, 1.2584594344389188e-07, 2.2850706955068745e-05, 0.00031471115653403103]	44.74783710297197	ok
ed2de53	default	rrw	6	2	250	0.04	0.0002	273.4739074707031	-283.1305349453077	[6.5651445388793945, -4.328749656677246, 0.011750621721148491, -2.6456180421519093e-05, -0.009239684790372849, 1.4267905950546265]	58.23099118901882	ok
ed2de53	default	rrw	6	2	250	0.04	0.0002	273.4543762207031	-283.1110036953077	[6.565275192260742, -4.328639507293701, 0.011765783652663231, -2.6505722416914068e-05, -0.009238536469638348, 1.4269039630889893]	58.506432583904825	ok
ed2de53	default	cbei	6	2	250	0.04	0.0002	791.87744140625	-801.5340688808546	[-0.22315269708633423, 3.2841452224374734e-08, 4.531448841094971, -6.902553195686778e-06, -2.7679436206817627, 3.60014009475708]	59.59745819703676	ok
ed2de53	default	cbei	6	2	250	0.04	0.0002	1895.7666015625	-1905.4232290371046	[-0.034180331975221634, 0.00017887403373606503, -1.4057910442352295, -0.004089642316102982, -0.43536749482154846, 0.5040945410728455]	59.82143242203165	ok
ed2de53	broad_params_cosine_lr	ALL	0	2	0	0.0	0.0	413.2134757041931	-inf	[]	0.0	ok
ed2de53	default	liley	3	2	300	0.06	0.0001	30.101451873779297	-34.9297656110816	[10.103915214538574, -0.000285714166238904, -2.3792011737823486]	56.19543964101467	ok
ed2de53	default	liley	3	2	300	0.06	0.0001	30.103023529052734	-34.93133726635504	[10.10399055480957, -0.00033140595769509673, -2.379127264022827]	55.998945374041796	ok
ed2de53	default	cmc	3	2	300	0.06	0.0001	16.124589920043945	-20.952903657346248	[-1.216493010520935, -1.2163059711456299, 0.0007233531214296818]	44.226685203029774	ok
ed2de53	default	cmc	3	2	300	0.06	0.0001	16.123817443847656	-20.95213118114996	[-1.2164744138717651, -1.216283917427063, 0.005354390945285559]	44.411745377932675	ok
ed2de53	default	rrw	3	2	300	0.06	0.0001	135.7647705078125	-140.5930842451148	[15.51161003112793, -2.6577553749084473, -0.0005526018212549388]	43.69372675695922	ok
ed2de53	default	rrw	3	2	300	0.06	0.0001	135.78494262695312	-140.61325636425542	[15.497506141662598, -2.657662868499756, -0.0005515145603567362]	43.71253098198213	ok
ed2de53	default	cbei	3	2	300	0.06	0.0001	1897.84130859375	-1902.6696223310523	[-0.5182611346244812, 0.008992058224976063, -0.512053370475769]	58.386121601914056	ok
ed2de53	default	cbei	3	2	300	0.06	0.0001	1900.0689697265625	-1904.8972834638648	[-0.47322341799736023, 0.0064780269749462605, -0.499620646238327]	58.42345197603572	ok
ed2de53	minimal_params_warmup_lr	ALL	0	2	0	0.0	0.0	520.2391092777252	-inf	[]	0.0	ok
ed2de53	expanded_free_params	liley	4	2	200	0.05	0.0002	21.1514949798584	-27.5892466295948	[0.00607907073572278, 3.6096830058340856e-07, 6.473587745858822e-07, 4.371767997741699]	42.41752224403899	ok
ed2de53	expanded_free_params	liley	4	2	200	0.05	0.0002	21.15005874633789	-27.587810396074293	[0.0060796174220740795, 3.6092481536798005e-07, 6.473815119534265e-07, 4.371825218200684]	42.10049836500548	ok
ed2de53	expanded_free_params	cmc	4	2	200	0.05	0.0002	16.411396026611328	-22.84914767634773	[-1.215780258178711, -1.2157411575317383, -7.09193102466088e-07, 6.402816507034004e-05]	33.811076062964275	ok
ed2de53	expanded_free_params	cmc	4	2	200	0.05	0.0002	16.41086769104004	-22.84861934077644	[-1.2157944440841675, -1.2157543897628784, -7.092117471074744e-07, 6.403806037269533e-05]	33.858576163998805	ok
ed2de53	expanded_free_params	rrw	4	2	200	0.05	0.0002	251.43588256835938	-257.8736342180958	[3.5396728515625, 6.668984413146973, -4.015631675720215, 1.3221849203109741]	47.66270695999265	ok
ed2de53	expanded_free_params	rrw	4	2	200	0.05	0.0002	251.41427612304688	-257.8520277727833	[3.539881467819214, 6.66907262802124, -4.015527725219727, 1.3223158121109009]	47.26996968197636	ok
ed2de53	expanded_free_params	cbei	4	2	200	0.05	0.0002	1892.5911865234375	-1899.0289381731739	[0.0, -0.36226141452789307, 0.004482715390622616, -0.5123326778411865]	41.62565943901427	ok
ed2de53	expanded_free_params	cbei	4	2	200	0.05	0.0002	1896.5889892578125	-1903.0267409075489	[0.0, -0.2939244210720062, 0.004629726521670818, -0.48781827092170715]	41.52301161503419	ok
ed2de53	multistart_seed1	liley	2	0	150	0.06	0.0002	913.6593017578125	-916.8781775826807	[5.839376926422119, -1.2945560229127295e-05]	31.340249083004892	ok
ed2de53	multistart_seed1	cmc	2	0	150	0.06	0.0002	34.45967102050781	-37.67854684537601	[-2.4274816513061523, -1.3988952559884638e-05]	21.5318726740079	ok
ed2de53	multistart_seed1	rrw	2	0	150	0.06	0.0002	974.383544921875	-977.6024207467432	[5.487567901611328, 5.608242034912109]	23.875887600006536	ok
ed2de53	multistart_seed1	cbei	2	0	150	0.06	0.0002	3814.300048828125	-3817.518924652993	[0.0, -0.03867610916495323]	29.119240544969216	ok
ed2de53	multistart_seed7	liley	2	0	150	0.06	0.0002	913.6181030273438	-916.8369788522119	[5.839396953582764, -1.2942265129822772e-05]	31.339826061972417	ok
ed2de53	multistart_seed7	cmc	2	0	150	0.06	0.0002	34.45975875854492	-37.67863458341312	[-2.4274866580963135, -1.3987211787025444e-05]	21.72938549995888	ok
ed2de53	multistart_seed7	rrw	2	0	150	0.06	0.0002	974.2485961914062	-977.4674720162744	[5.487624168395996, 5.607966899871826]	23.84459202294238	ok
ed2de53	multistart_seed7	cbei	2	0	150	0.06	0.0002	3817.053466796875	-3820.272342621743	[0.0, -0.025012431666254997]	28.77545201999601	ok
ed2de53	multistart_seed42	liley	2	0	150	0.06	0.0002	913.6183471679688	-916.8372229928369	[5.839382648468018, -1.2944850823259912e-05]	31.13244090601802	ok
ed2de53	multistart_seed42	cmc	2	0	150	0.06	0.0002	34.4586296081543	-37.677505433022496	[-2.427473306655884, -1.3987430975248571e-05]	21.617827172973193	ok
ed2de53	multistart_seed42	rrw	2	0	150	0.06	0.0002	974.3349609375	-977.5538367623682	[5.487284183502197, 5.607048034667969]	23.887411507079378	ok
ed2de53	multistart_seed42	cbei	2	0	150	0.06	0.0002	3815.265869140625	-3818.484744965493	[0.0, -0.05014646798372269]	28.81131054996513	ok
ed2de53	warmup_high_lr	liley	3	2	200	0.1	0.0001	546.1923828125	-551.0206965498023	[0.6654233336448669, 0.0002189608057960868, 0.0023245837073773146]	39.14897831401322	ok
ed2de53	warmup_high_lr	liley	3	2	200	0.1	0.0001	546.2072143554688	-551.0355280927711	[0.6654086112976074, 0.00021929826471023262, 0.0021682933438569307]	38.99599844601471	ok
ed2de53	warmup_high_lr	cmc	3	2	200	0.1	0.0001	17.230876922607422	-22.059190659909724	[-1.214187502861023, -1.2139123678207397, -0.004801907576620579]	32.6736597539857	ok
ed2de53	warmup_high_lr	cmc	3	2	200	0.1	0.0001	17.23100471496582	-22.059318452268123	[-1.214174747467041, -1.2139084339141846, -0.004847818054258823]	32.690511747961864	ok
ed2de53	warmup_high_lr	rrw	3	2	200	0.1	0.0001	1250.8116455078125	-1255.6399592451148	[0.0006650405121035874, 0.026906631886959076, -3.7996580600738525]	44.08241331402678	ok
ed2de53	warmup_high_lr	rrw	3	2	200	0.1	0.0001	1250.7625732421875	-1255.5908869794898	[0.0006646738620474935, 0.02690860442817211, -3.7994985580444336]	43.97295782493893	ok
ed2de53	warmup_high_lr	cbei	3	2	200	0.1	0.0001	1897.973876953125	-1902.8021906904273	[0.0, -0.17885059118270874, -0.5081283450126648]	40.41175361699425	ok
ed2de53	warmup_high_lr	cbei	3	2	200	0.1	0.0001	1900.18994140625	-1905.0182551435523	[0.0, -0.15940992534160614, -0.49579891562461853]	40.332020584028214	ok
ed2de53	physics_informed_params	liley	4	2	200	0.07	0.0002	22.097309112548828	-28.53506076228523	[0.002694541122764349, 5.072748194834276e-07, 4.164312362670898, 0.9816740155220032]	41.934013816993684	ok
ed2de53	physics_informed_params	liley	4	2	200	0.07	0.0002	22.09798240661621	-28.535734056352613	[0.0026946598663926125, 5.072041631137836e-07, 4.164340972900391, 0.9816364049911499]	42.14488968311343	ok
ed2de53	physics_informed_params	cmc	4	2	200	0.07	0.0002	17.285743713378906	-23.72349536311531	[-1.0365302562713623, -1.0364511013031006, 4.548640936263837e-05, -0.46914657950401306]	39.349757044925354	ok
ed2de53	physics_informed_params	cmc	4	2	200	0.07	0.0002	17.287315368652344	-23.725067018388746	[-1.0365138053894043, -1.036433219909668, 4.54859618912451e-05, -0.46919873356819153]	39.38187214999925	ok
ed2de53	physics_informed_params	rrw	4	2	200	0.07	0.0002	253.09210205078125	-259.52985370051766	[7.72836971282959, 8.647093772888184, -0.8488804697990417, 1.3111282441968797e-06]	32.91208310297225	ok
ed2de53	physics_informed_params	rrw	4	2	200	0.07	0.0002	253.07296752929688	-259.5107191790333	[7.728553771972656, 8.647154808044434, -0.848646342754364, 1.3111589396430645e-06]	33.141123743960634	ok
ed2de53	expanded_params_warmup	liley	4	2	200	0.04	0.0001	20.51056671142578	-26.948318361162183	[0.003109342185780406, 8.632157550891861e-05, -0.0005427446449175477, 4.94595193862915]	42.583573541021906	ok
ed2de53	expanded_params_warmup	liley	4	2	200	0.04	0.0001	20.510255813598633	-26.948007463335035	[0.0031093310099095106, 8.649556548334658e-05, -0.000535734579898417, 4.94600248336792]	42.17507649993058	ok
ed2de53	expanded_params_warmup	cmc	4	2	200	0.04	0.0001	16.410863876342773	-22.848615526079175	[-1.215855360031128, -1.2157151699066162, -0.00029376475140452385, 0.00031919460161589086]	33.44107613898814	ok
ed2de53	expanded_params_warmup	cmc	4	2	200	0.04	0.0001	16.411670684814453	-22.849422334550855	[-1.2159143686294556, -1.215772271156311, -0.00028840714367106557, 0.00033385405549779534]	33.606286803027615	ok
ed2de53	expanded_params_warmup	rrw	4	2	200	0.04	0.0001	36.94487380981445	-43.38262545955085	[1.1359676122665405, 2.862480878829956, -1.446343183517456, 1.7087576389312744]	34.463494149036705	ok
ed2de53	expanded_params_warmup	rrw	4	2	200	0.04	0.0001	36.3458251953125	-42.7835768450489	[1.143032431602478, 3.120293617248535, -1.4869327545166016, 1.6151450872421265]	34.424238350009546	ok
ed2de53	expanded_params_warmup	cbei	4	2	200	0.04	0.0001	1897.884033203125	-1904.3217848528614	[0.0, -0.3445705771446228, 0.004858329892158508, -0.5108450055122375]	41.48148641397711	ok
ed2de53	expanded_params_warmup	cbei	4	2	200	0.04	0.0001	1900.1075439453125	-1906.5452955950489	[0.0, -0.31089842319488525, 0.004627656657248735, -0.4984543025493622]	41.43545827502385	ok
ed2de53	expanded_params_warmup	liley	4	2	200	0.04	0.0001	20.51056671142578	-26.948318361162183	[0.003109342185780406, 8.632157550891861e-05, -0.0005427446449175477, 4.94595193862915]	42.66603619698435	ok
ed2de53	expanded_params_warmup	liley	4	2	200	0.04	0.0001	20.510255813598633	-26.948007463335035	[0.0031093310099095106, 8.649556548334658e-05, -0.000535734579898417, 4.94600248336792]	42.59635079698637	ok
ed2de53	expanded_params_warmup	cmc	4	2	200	0.04	0.0001	16.410863876342773	-22.848615526079175	[-1.215855360031128, -1.2157151699066162, -0.00029376475140452385, 0.00031919460161589086]	33.62084406008944	ok
ed2de53	expanded_params_warmup	cmc	4	2	200	0.04	0.0001	16.411670684814453	-22.849422334550855	[-1.2159143686294556, -1.215772271156311, -0.00028840714367106557, 0.00033385405549779534]	33.75277938507497	ok
ed2de53	expanded_params_warmup	rrw	4	2	200	0.04	0.0001	36.94487380981445	-43.38262545955085	[1.1359676122665405, 2.862480878829956, -1.446343183517456, 1.7087576389312744]	34.38625785300974	ok
ed2de53	expanded_params_warmup	rrw	4	2	200	0.04	0.0001	36.3458251953125	-42.7835768450489	[1.143032431602478, 3.120293617248535, -1.4869327545166016, 1.6151450872421265]	34.46331963897683	ok
ed2de53	expanded_params_warmup	cbei	4	2	200	0.04	0.0001	1897.884033203125	-1904.3217848528614	[0.0, -0.3445705771446228, 0.004858329892158508, -0.5108450055122375]	41.487257724045776	ok
ed2de53	expanded_params_warmup	cbei	4	2	200	0.04	0.0001	1900.1075439453125	-1906.5452955950489	[0.0, -0.31089842319488525, 0.004627656657248735, -0.4984543025493622]	41.47971204901114	ok
ed2de53		liley	3	0	180	0.06	0.0002	42.40071105957031	-47.229024796872615	[0.0034594868775457144, -1.5509809827563004e-06, 4.7880072593688965]	39.19192045403179	ok
ed2de53		liley	3	0	180	0.06	0.0002	42.39116668701172	-47.21948042431402	[0.003459222847595811, -1.5509873492192128e-06, 4.7880449295043945]	39.05499872704968	ok
ed2de53		cmc	3	0	180	0.06	0.0002	32.98514938354492	-37.813463120847224	[-1.2156429290771484, -1.2155550718307495, 1.6286429627143661e-06]	30.056470803916454	ok
ed2de53		cmc	3	0	180	0.06	0.0002	32.98199462890625	-37.81030836620855	[-1.2156596183776855, -1.2155708074569702, 1.6287137896142667e-06]	30.33329114690423	ok
ed2de53		rrw	3	0	180	0.06	0.0002	634.5930786132812	-639.4213923505836	[6.2430620193481445, 6.268019676208496, -3.988311767578125]	28.70280627696775	ok
ed2de53		rrw	3	0	180	0.06	0.0002	634.5662231445312	-639.3945368818336	[6.242836952209473, 6.267707347869873, -3.988548517227173]	28.798991229967214	ok
ed2de53		cbei	3	0	180	0.06	0.0002	3815.265869140625	-3820.0941828779273	[0.0, -0.05013298988342285, 0.0010072729783132672]	35.2893109730212	ok
ed2de53		cbei	3	0	180	0.06	0.0002	3821.8251953125	-3826.6535090498023	[0.0, -0.018116716295480728, 0.0008763977093622088]	35.22520672297105	ok
ed2de53		liley	2	0	150	0.05	0.0002	1014.5175170898438	-1017.7363929147119	[4.966701984405518, -2.3230370061355643e-05]	31.493533623986878	ok
ed2de53		cmc	3	0	150	0.05	0.0002	32.985260009765625	-37.81357374706793	[-1.215673804283142, -1.2156566381454468, -1.3168553778086789e-05]	26.244399999035522	ok
ed2de53		rrw	4	0	250	0.1	0.0003	267.74652099609375	-274.18427264583016	[8.833107948303223, 13.655366897583008, -4.016919136047363, 3.734675168991089]	37.75825256993994	ok
ed2de53		cbei	4	0	250	0.1	0.0003	3703.972900390625	-3710.4106520403616	[0.0, -0.26670023798942566, 0.00456792488694191, -4.610702991485596]	45.589765697019175	ok
ed2de53	best_aggregate	ALL	0	2	0	0.0	0.0	492.7877445220947	-inf	[]	0.0	ok
ed2de53		liley	4	0	250	0.03	0.0002	108.30193328857422	-114.73968493831062	[0.05152799189090729, -0.004684478975832462, 0.3866175711154938, -4.670757293701172]	54.75307152303867	ok
ed2de53		liley	3	0	200	0.05	0.0003	791.1531982421875	-795.9815119794898	[6.524902820587158, -5.6685436788939114e-08, -1.2140904800617136e-05]	38.97447118698619	ok
ed2de53		liley	2	0	300	0.04	0.0001	96.1592788696289	-99.37815469449711	[10.969124794006348, 1.1685856580734253]	57.475866377935745	ok
ed2de53		cmc	4	0	200	0.05	0.0003	32.98582458496094	-39.423576234697336	[-1.2156342267990112, -1.2155627012252808, 7.826554065104574e-05, -7.09930247921875e-07]	34.0283283329336	ok
ed2de53		cmc	5	0	250	0.08	0.0002	32.98817443847656	-41.035364000647064	[-1.215781331062317, 0.0042708683758974075, 0.007762089371681213, 0.0003110928228124976, -1.2154959440231323]	42.15192618803121	ok
ed2de53		cmc	3	0	200	0.05	0.0003	32.98532485961914	-37.81363859692144	[-1.215631127357483, -1.2155616283416748, -7.097988827808877e-07]	32.66744115995243	ok
ed2de53		rrw	3	0	250	0.03	0.0002	506.3305358886719	-511.1588496259742	[7.897149562835693, 8.632503509521484, -2.312422513961792]	37.465635681990534	ok
ed2de53		rrw	3	0	200	0.05	0.0003	2688.719482421875	-2693.5477961591773	[0.08509834110736847, -1.4382989406585693, -5.195756966713816e-05]	31.321767286979593	ok
ed2de53		rrw	3	0	200	0.04	0.0002	1444.036376953125	-1448.8646906904273	[9.365241050720215, -0.003926873207092285, -0.0001201479317387566]	30.07460985193029	ok
ed2de53		cbei	3	0	200	0.05	0.0003	3769.39111328125	-3774.2194270185523	[0.0, -0.5091074705123901, 0.0735037624835968]	43.37384369305801	ok
ed2de53		cbei	3	0	200	0.05	0.0002	3727.3544921875	-3732.1828059248023	[0.0, -0.0436771921813488, -3.1736114025115967]	36.37220954906661	ok
ed2de53		cbei	4	0	250	0.04	0.0002	3785.31005859375	-3791.7478102434866	[0.0, -0.23294652998447418, 0.0015891238581389189, -0.5105764269828796]	49.63294717797544	ok
ed2de53		cmc	5	0	200	0.05	0.0003	32.98248291015625	-41.02967247232675	[-1.215623378753662, -7.103984671630315e-07, 1.9625193090178072e-05, 0.0002856201317626983, -1.2155532836914062]	35.1498085570056	ok
ed2de53		rrw	3	0	250	0.03	0.0002	506.3305358886719	-511.1588496259742	[7.897149562835693, 8.632503509521484, -2.312422513961792]	37.41347305907402	ok
ed2de53	best_aggregate_new_regions	ALL	0	2	0	0.0	0.0	1090.7066974639893	-inf	[]	0.0	ok
ed2de53	fine_grained_lr	liley	3	2	350	0.008	5e-05	546.2420043945312	-551.0703181318336	[0.6466277241706848, -6.639077482217814e-11, -2.1903502783970907e-05]	60.838870230014436	ok
ed2de53	fine_grained_lr	liley	3	2	350	0.008	5e-05	546.2531127929688	-551.0814265302711	[0.6466253995895386, -6.639631899840737e-11, -2.19035500776954e-05]	61.08449553803075	ok
ed2de53	fine_grained_lr	cmc	3	2	350	0.008	5e-05	17.2314453125	-22.059759049802302	[-1.2140862941741943, -1.2140724658966064, 8.142288976387135e-08]	51.43160594103392	ok
ed2de53	fine_grained_lr	cmc	3	2	350	0.008	5e-05	17.230915069580078	-22.05922880688238	[-1.2140830755233765, -1.2140687704086304, 8.142708196601234e-08]	51.4326598480111	ok
ed2de53	fine_grained_lr	rrw	3	2	350	0.008	5e-05	1245.0413818359375	-1249.8696955732398	[1.890981674194336, 1.8844549655914307, -1.4039993286132812]	49.77051540603861	ok
ed2de53	fine_grained_lr	rrw	3	2	350	0.008	5e-05	1245.010498046875	-1249.8388117841773	[1.891025185585022, 1.8844878673553467, -1.4039993286132812]	49.6909216750646	ok
ed2de53	fine_grained_lr	cbei	3	2	350	0.008	5e-05	1914.544189453125	-1919.3725031904273	[0.0, -0.012571645900607109, 0.0004846771480515599]	60.55770164798014	ok
ed2de53	fine_grained_lr	cbei	3	2	350	0.008	5e-05	1915.2647705078125	-1920.0930842451148	[0.0, -0.007473322097212076, 0.0004926149849779904]	60.53910254803486	ok
ed2de53	rich_params_cosine	liley	6	2	200	0.03	0.0001	18.2724552154541	-27.929082690058703	[0.01537595596164465, 2.135015506610216e-07, 6.116506483522244e-07, 2.664222002029419, 0.6503595113754272, -2.1119487285614014]	47.698607119964436	ok
ed2de53	rich_params_cosine	liley	6	2	200	0.03	0.0001	18.270936965942383	-27.927564440546984	[0.015380593948066235, 2.1347875645005843e-07, 6.116720783211349e-07, 2.664238214492798, 0.6503483653068542, -2.1119604110717773]	47.67463298502844	ok
ed2de53	rich_params_cosine	cmc	6	2	200	0.03	0.0001	16.122896194458008	-25.77952366906261	[-1.2163848876953125, -1.216360092163086, 0.00015351294132415205, -2.2772546515170689e-07, 0.0003702783433254808, 0.0001134034464485012]	37.097326999064535	ok
ed2de53	rich_params_cosine	cmc	6	2	200	0.03	0.0001	16.122739791870117	-25.77936726647472	[-1.2163861989974976, -1.2163619995117188, 0.00015352170157711953, -2.2771457963699504e-07, 0.00037056670407764614, 0.00011341424396960065]	37.19370396900922	ok
ed2de53	rich_params_cosine	rrw	6	2	200	0.03	0.0001	38.73616027832031	-48.39278775292492	[2.1357262134552, 2.4650933742523193, -2.0151970386505127, 2.017821788787842, 2.0576231479644775, -0.624316930770874]	50.51682770997286	ok
ed2de53	rich_params_cosine	rrw	6	2	200	0.03	0.0001	38.740509033203125	-48.39713650780773	[2.134796619415283, 2.464933156967163, -2.0145115852355957, 2.016479730606079, 2.0580215454101562, -0.6246216297149658]	50.29600757197477	ok
ed2de53	rich_params_cosine	cbei	6	2	200	0.03	0.0001	1567.735107421875	-1577.3917348964796	[0.0, -0.1874174177646637, -0.00240158848464489, 2.3533377647399902, -2.967649459838867, -3.0149989128112793]	43.81658422900364	ok
ed2de53	rich_params_cosine	cbei	6	2	200	0.03	0.0001	1664.1923828125	-1673.8490102871046	[0.0, -1.727949619293213, 0.054267384111881256, -0.030475091189146042, -2.9200987815856934, -3.0149989128112793]	43.71782889007591	ok
ed2de53	default	liley	3	2	350	0.008	5e-05	546.2420043945312	-551.0703181318336	[0.6466277241706848, -6.639077482217814e-11, -2.1903502783970907e-05]	61.29467750294134	ok
ed2de53	default	liley	3	2	350	0.008	5e-05	546.2531127929688	-551.0814265302711	[0.6466253995895386, -6.639631899840737e-11, -2.19035500776954e-05]	61.36985059909057	ok
ed2de53	default	cmc	3	2	350	0.008	5e-05	17.2314453125	-22.059759049802302	[-1.2140862941741943, -1.2140724658966064, 8.142288976387135e-08]	51.84270669694524	ok
ed2de53	default	cmc	3	2	350	0.008	5e-05	17.230915069580078	-22.05922880688238	[-1.2140830755233765, -1.2140687704086304, 8.142708196601234e-08]	51.83183764992282	ok
ed2de53	default	rrw	3	2	350	0.008	5e-05	1245.0413818359375	-1249.8696955732398	[1.890981674194336, 1.8844549655914307, -1.4039993286132812]	49.792135247029364	ok
ed2de53	default	rrw	3	2	350	0.008	5e-05	1245.010498046875	-1249.8388117841773	[1.891025185585022, 1.8844878673553467, -1.4039993286132812]	49.76924441498704	ok
ed2de53	default	cbei	3	2	350	0.008	5e-05	1914.544189453125	-1919.3725031904273	[0.0, -0.012571645900607109, 0.0004846771480515599]	60.6405602269806	ok
ed2de53	default	cbei	3	2	350	0.008	5e-05	1915.2647705078125	-1920.0930842451148	[0.0, -0.007473322097212076, 0.0004926149849779904]	60.60757375904359	ok
ed2de53	default	liley	6	2	200	0.03	0.0001	18.2724552154541	-27.929082690058703	[0.01537595596164465, 2.135015506610216e-07, 6.116506483522244e-07, 2.664222002029419, 0.6503595113754272, -2.1119487285614014]	47.901599121978506	ok
ed2de53	default	liley	6	2	200	0.03	0.0001	18.270936965942383	-27.927564440546984	[0.015380593948066235, 2.1347875645005843e-07, 6.116720783211349e-07, 2.664238214492798, 0.6503483653068542, -2.1119604110717773]	47.58354178199079	ok
ed2de53	default	cmc	6	2	200	0.03	0.0001	16.122896194458008	-25.77952366906261	[-1.2163848876953125, -1.216360092163086, 0.00015351294132415205, -2.2772546515170689e-07, 0.0003702783433254808, 0.0001134034464485012]	37.26693210599478	ok
ed2de53	default	cmc	6	2	200	0.03	0.0001	16.122739791870117	-25.77936726647472	[-1.2163861989974976, -1.2163619995117188, 0.00015352170157711953, -2.2771457963699504e-07, 0.00037056670407764614, 0.00011341424396960065]	37.13969142199494	ok
ed2de53	default	rrw	6	2	200	0.03	0.0001	38.73616027832031	-48.39278775292492	[2.1357262134552, 2.4650933742523193, -2.0151970386505127, 2.017821788787842, 2.0576231479644775, -0.624316930770874]	50.614426583983004	ok
ed2de53	default	rrw	6	2	200	0.03	0.0001	38.740509033203125	-48.39713650780773	[2.134796619415283, 2.464933156967163, -2.0145115852355957, 2.016479730606079, 2.0580215454101562, -0.6246216297149658]	50.42226592393126	ok
ed2de53	default	cbei	6	2	200	0.03	0.0001	1567.735107421875	-1577.3917348964796	[0.0, -0.1874174177646637, -0.00240158848464489, 2.3533377647399902, -2.967649459838867, -3.0149989128112793]	43.72271458001342	ok
ed2de53	default	cbei	6	2	200	0.03	0.0001	1664.1923828125	-1673.8490102871046	[0.0, -1.727949619293213, 0.054267384111881256, -0.030475091189146042, -2.9200987815856934, -3.0149989128112793]	43.64691003295593	ok
ed2de53		liley	3	0	200	0.04	1e-05	42.35715866088867	-47.185472398190974	[0.0031733522191643715, -0.00045929785119369626, 4.873265743255615]	42.121871905983426	ok
ed2de53		cmc	3	0	200	0.04	1e-05	32.98583984375	-37.8141535810523	[-1.215705156326294, -1.2154905796051025, 0.00010821878095157444]	32.73976089700591	ok
ed2de53		rrw	3	0	200	0.04	1e-05	452.502197265625	-457.3305110029273	[8.412749290466309, 8.96832275390625, -2.732529640197754]	31.495368127943948	ok
ed2de53		cbei	3	0	200	0.04	1e-05	3830.482666015625	-3835.3109797529273	[0.0, -0.017253713682293892, 0.001219901256263256]	38.05048421397805	ok
ed2de53		liley	3	0	200	0.04	0.001	42.35319519042969	-47.18150892773199	[0.003189082955941558, -0.0005285512888804078, 4.872873783111572]	42.30864547903184	ok
ed2de53		cmc	3	0	200	0.04	0.001	32.97542190551758	-37.80373564281988	[-1.2157329320907593, -1.2155261039733887, 0.00013241887791082263]	32.694038299960084	ok
ed2de53		rrw	3	0	200	0.04	0.001	449.5623779296875	-454.3906916669898	[8.39861011505127, 9.032952308654785, -2.7008063793182373]	31.36292396497447	ok
ed2de53		cbei	3	0	200	0.04	0.001	3584.72509765625	-3589.5534113935523	[0.0, -0.0917813628911972, 0.0008023122791200876]	38.24543855700176	ok
ed2de53		liley	4	0	180	0.05	0.0002	35.36790084838867	-41.80565249812507	[0.005317116621881723, 0.00013104203389957547, 0.0024870375636965036, 5.1319403648376465]	39.441421868046746	ok
ed2de53		liley	4	0	180	0.05	0.0002	35.366878509521484	-41.80463015925788	[0.005316950846463442, 0.0001308182836510241, 0.002575742546468973, 5.131927967071533]	39.4326298290398	ok
ed2de53		cmc	4	0	180	0.05	0.0002	32.165550231933594	-38.60330188166999	[-1.2164199352264404, -1.216302752494812, -0.0012375307269394398, 2.2624328266829252e-05]	31.967464779037982	ok
ed2de53		cmc	4	0	180	0.05	0.0002	32.16184616088867	-38.59959781062507	[-1.2165241241455078, -1.2164087295532227, -0.0012762142578139901, -0.00013623639824800193]	31.605227684951387	ok
ed2de53		rrw	5	0	250	0.07	0.0003	212.80577087402344	-220.85296043619394	[6.368857383728027, 7.699862003326416, -3.208573579788208, 0.0005233562551438808, 7.074901103973389]	58.0719413360348	ok
ed2de53		rrw	5	0	250	0.07	0.0003	212.4390869140625	-220.486276476233	[6.380621910095215, 7.434818267822266, -3.2341136932373047, 0.0005285035585984588, 7.075614929199219]	58.23015535797458	ok
ed2de53		rrw	5	0	250	0.07	0.0003	212.73777770996094	-220.78496727213144	[6.372357368469238, 7.6242594718933105, -3.216374397277832, 0.000529625394847244, 7.075475692749023]	57.769726727041416	ok
ed2de53		cbei	5	0	250	0.07	0.0003	3574.1943359375	-3582.2415254996704	[0.0, 9.869058609008789, 0.00019702123245224357, -1.4674099683761597, -2.5617504119873047]	48.17474673409015	ok
ed2de53		cbei	5	0	250	0.07	0.0003	620.3500366210938	-628.3972261832643	[0.0, 0.011350488290190697, 0.0003370659542270005, 6.983346939086914, -2.5655107498168945]	47.844519671052694	ok
ed2de53		cmc	6	0	200	0.03	0.0001	32.98743438720703	-42.644061861811636	[-1.2156308889389038, -1.2155790328979492, 7.804181223036721e-05, -3.65454610573579e-07, 0.00030026398599147797, 1.98472298507113e-05]	37.31035931094084	ok
ed2de53		cmc	6	0	200	0.03	0.0001	32.98744201660156	-42.64406949120617	[-1.2156381607055664, -1.2155841588974, 7.80494519858621e-05, -3.654490114968212e-07, 0.0003009235661011189, 1.984841946978122e-05]	37.21798396098893	ok
ed2de53		liley	5	0	200	0.02	0.0001	134.04083251953125	-142.08802208170175	[0.17263633012771606, -2.354341965826734e-08, -2.9692851057916414e-06, -1.7402149410372658e-07, 2.009999990463257]	43.37608833797276	ok
ed2de53		liley	5	0	200	0.02	0.0001	134.05160522460938	-142.09879478677988	[0.17263680696487427, -2.3527075398988018e-08, -2.9691102554352256e-06, -1.7403390017989295e-07, 2.009999990463257]	43.21466124698054	ok
ed2de53		rrw	4	0	200	0.015	0.0001	733.711181640625	-740.1489332903614	[1.876709222793579, 1.7440131902694702, -1.5074994564056396, 1.5074994564056396]	34.529344790033065	ok
ed2de53		rrw	4	0	200	0.015	0.0001	733.6281127929688	-740.0658644427051	[1.8767653703689575, 1.7441399097442627, -1.5074994564056396, 1.5074994564056396]	34.44986802502535	ok
ed2de53		cbei	3	0	200	0.01	0.0001	3825.9814453125	-3830.8097590498023	[0.0, -0.03394939377903938, 0.000986140570603311]	38.35986466903705	ok
ed2de53		cbei	3	0	200	0.01	0.0001	3827.4814453125	-3832.3097590498023	[0.0, -0.021007711067795753, 0.0009809553157538176]	38.20220965100452	ok
ed2de53		cmc	6	0	200	0.03	0.0001	32.98887634277344	-42.64550381737804	[-1.215638518333435, -1.2155855894088745, 7.801853644195944e-05, -3.655004263691808e-07, 0.0002996708208229393, 1.9842111214529723e-05]	37.64749078010209	ok
ed2de53		cmc	6	0	200	0.03	0.0001	32.985084533691406	-42.64171200829601	[-1.2156413793563843, -1.2155863046646118, 7.797104626661167e-05, -3.655962643733801e-07, 0.0002992387453559786, 1.9829114535241388e-05]	37.748179081012495	ok
ed2de53		cbei	3	0	200	0.008	0.0001	3577.193359375	-3582.0216731123023	[-0.5021986961364746, -0.06315236538648605, 0.8039998412132263]	43.85619982192293	ok
ed2de53		cbei	3	0	200	0.008	0.0001	3579.754150390625	-3584.5824641279273	[-0.49635952711105347, -0.070989228785038, 0.8039998412132263]	43.69263002509251	ok
ed2de53	low_lr_cosine_multistart_cbei_rescue	ALL	0	2	0	0.0	0.0	1119.4618473052979	-inf	[]	0.0	ok
ed2de53	more_params_cosine_lr	liley	4	2	200	0.05	0.001	18.41152000427246	-24.849271654008863	[0.003685103263705969, 3.6488697219283495e-07, 6.064107083147974e-07, 4.7368011474609375]	42.37184444197919	ok
ed2de53	more_params_cosine_lr	liley	4	2	200	0.05	0.001	18.411907196044922	-24.849658845781324	[0.0036931398790329695, 3.64773001138019e-07, 6.064770445846079e-07, 4.737138748168945]	42.078079975093715	ok
ed2de53	more_params_cosine_lr	cmc	4	2	200	0.05	0.001	16.11594581604004	-22.55369746577644	[-1.2164462804794312, -1.2164053916931152, -5.783275582871283e-07, 0.00011362706572981551]	33.828905157977715	ok
ed2de53	more_params_cosine_lr	cmc	4	2	200	0.05	0.001	16.121273040771484	-22.559024690507886	[-1.2164931297302246, -1.21645188331604, -5.782479206573043e-07, 0.00011380109208403155]	33.87936017510947	ok
ed2de53	more_params_cosine_lr	rrw	4	2	200	0.05	0.001	218.4503173828125	-224.8880690325489	[4.516599178314209, 6.511943340301514, -4.296822547912598, 1.283337116241455]	47.120568487094715	ok
ed2de53	more_params_cosine_lr	rrw	4	2	200	0.05	0.001	218.1581573486328	-224.59590899836923	[4.52739143371582, 6.510056495666504, -4.296588897705078, 1.283358097076416]	47.33794796594884	ok
ed2de53	more_params_cosine_lr	cbei	4	2	200	0.05	0.001	1780.311767578125	-1786.7495192278614	[0.0, -0.5336219668388367, 0.005599200259894133, -0.5345219373703003]	41.24198280903511	ok
ed2de53	more_params_cosine_lr	cbei	4	2	200	0.05	0.001	1786.88232421875	-1793.3200758684864	[0.0, 0.023437652736902237, 0.004752764478325844, -0.4107111692428589]	41.19273816200439	ok
ed2de53	warmup_schedule_low_noise	liley	3	2	150	0.03	0.0005	332.3761291503906	-337.20444288769295	[6.60595703125, 0.0012028446653857827, 0.6498147249221802]	36.20726960198954	ok
ed2de53	warmup_schedule_low_noise	liley	3	2	150	0.03	0.0005	332.4306945800781	-337.25900831738045	[6.605978012084961, 0.001195132965222001, 0.6498292088508606]	35.89952166902367	ok
ed2de53	warmup_schedule_low_noise	cmc	3	2	150	0.03	0.0005	16.40716552734375	-21.235479264646052	[-1.2152882814407349, -1.2152588367462158, 0.001013290835544467]	25.805194454966113	ok
ed2de53	warmup_schedule_low_noise	cmc	3	2	150	0.03	0.0005	16.410812377929688	-21.23912611523199	[-1.2153055667877197, -1.2152763605117798, 0.000839164771605283]	25.69266310997773	ok
ed2de53	warmup_schedule_low_noise	rrw	3	2	150	0.03	0.0005	380.7223815917969	-385.5506953290992	[6.095521926879883, 6.278074264526367, 1.6762923002243042]	24.790327277965844	ok
ed2de53	warmup_schedule_low_noise	rrw	3	2	150	0.03	0.0005	380.84783935546875	-385.6761530927711	[6.095479965209961, 6.277618408203125, 1.6778552532196045]	24.982222056016326	ok
ed2de53	warmup_schedule_low_noise	cbei	3	2	150	0.03	0.0005	1295.13623046875	-1299.9645442060523	[0.0, 4.285326957702637, 4.21499490737915]	29.21404835791327	ok
ed2de53	warmup_schedule_low_noise	cbei	3	2	150	0.03	0.0005	1285.90966796875	-1290.7379817060523	[0.0, 4.356311321258545, 4.21499490737915]	29.216811170917936	ok
ed2de53	high_lr_aggressive_clip	liley	5	2	300	0.1	0.001	18.042606353759766	-26.089795915930267	[0.0033862385898828506, 8.142276186617892e-09, -8.065508438903635e-08, 1.4009529536451737e-08, 5.11574649810791]	59.79687262803782	ok
ed2de53	high_lr_aggressive_clip	liley	5	2	300	0.1	0.001	18.044527053833008	-26.09171661600351	[0.003386338474228978, 8.143104857083472e-09, -8.05889968091833e-08, 1.4009825299865497e-08, 5.115921497344971]	59.88538405392319	ok
ed2de53	high_lr_aggressive_clip	cmc	5	2	300	0.1	0.001	16.009796142578125	-24.056985704748627	[-1.2372679710388184, -1.2371826171875, 0.00016279191186185926, 0.06317960470914841, 3.5033286849284195e-07]	56.61084135901183	ok
ed2de53	high_lr_aggressive_clip	cmc	5	2	300	0.1	0.001	1.9366915225982666	-9.983881084768768	[-0.7006210088729858, -0.7004964351654053, 2.114307335432386e-06, 3.7316722869873047, -8.510834703656656e-09]	56.671456780983135	ok
ed2de53	high_lr_aggressive_clip	rrw	5	2	300	0.1	0.001	110.2393798828125	-118.286569444983	[5.609378337860107, 3.710373640060425, -2.8719489574432373, 4.024821100756526e-05, 6.583030700683594]	66.71423018700443	ok
ed2de53	high_lr_aggressive_clip	rrw	5	2	300	0.1	0.001	110.22894287109375	-118.27613243326425	[5.6094136238098145, 3.7255470752716064, -2.871586322784424, 6.325338472379372e-05, 6.583064079284668]	66.80665946693625	ok
ed2de53	high_lr_aggressive_clip	cbei	5	2	300	0.1	0.001	357.20037841796875	-365.24756798013925	[0.0, -2.4996042251586914, -0.0014349260600283742, 4.088707447052002, -2.7662739753723145]	59.86898354196455	ok
ed2de53	high_lr_aggressive_clip	cbei	5	2	300	0.1	0.001	nan	nan	[nan, nan, nan, nan, nan]	59.924432203988545	ok
ed2de53	conservative_tight_prior	liley	2	2	500	0.005	0.0005	545.283935546875	-548.5028113717432	[0.09359484910964966, -5.459094154502964e-06]	83.3822041839594	ok
ed2de53	conservative_tight_prior	liley	2	2	500	0.005	0.0005	545.34716796875	-548.5660437936182	[0.09359230846166611, -5.457372026285157e-06]	83.62645991693716	ok
ed2de53	conservative_tight_prior	cmc	2	2	500	0.005	0.0005	21.617263793945312	-24.83613961881351	[-1.2050821781158447, -1.205014944076538]	65.71339275001083	ok
ed2de53	conservative_tight_prior	cmc	2	2	500	0.005	0.0005	21.619089126586914	-24.837964951455113	[-1.2050906419754028, -1.2050220966339111]	65.20753302297089	ok
ed2de53	conservative_tight_prior	rrw	2	2	500	0.005	0.0005	1339.4052734375	-1342.6241492623683	[0.15146371722221375, 0.148598775267601]	64.82812484598253	ok
ed2de53	conservative_tight_prior	rrw	2	2	500	0.005	0.0005	1339.8087158203125	-1343.0275916451808	[0.1514746993780136, 0.14872071146965027]	65.42137755802833	ok
ed2de53	conservative_tight_prior	cbei	2	2	500	0.005	0.0005	1876.0941162109375	-1879.3129920358058	[0.0, -0.010938371531665325]	79.10625366505701	ok
ed2de53	conservative_tight_prior	cbei	2	2	500	0.005	0.0005	1878.8436279296875	-1882.0625037545558	[0.0, 0.0022288255859166384]	78.11485360597726	ok
ed2de53	multi_strategy_varied_params	ALL	0	2	0	0.0	0.0	nan	-inf	[]	0.0	ok
ed2de53	expanded_free_params	liley	4	2	150	0.04	0.0002	546.0700073242188	-552.5077589739551	[0.6636896729469299, -3.3431859947086195e-08, -1.1224569789192174e-05, -5.9419239732960705e-06]	31.455023915041238	ok
ed2de53	expanded_free_params	liley	4	2	150	0.04	0.0002	546.0965576171875	-552.5343092669239	[0.6636644005775452, -3.298097084325491e-08, -1.1221665772609413e-05, -5.941768904449418e-06]	31.349900430999696	ok
ed2de53	expanded_free_params	cmc	4	2	150	0.04	0.0002	17.232410430908203	-23.670162080644605	[-1.2142841815948486, -1.2142499685287476, -1.0534779903537128e-05, 1.4575668672023312e-07]	26.93773308407981	ok
ed2de53	expanded_free_params	cmc	4	2	150	0.04	0.0002	17.232398986816406	-23.67015063655281	[-1.2143011093139648, -1.2142666578292847, -1.0534798093431164e-05, 1.4387026681106363e-07]	27.09089218697045	ok
ed2de53	expanded_free_params	rrw	4	2	150	0.04	0.0002	42.82432556152344	-49.262077211259836	[2.0395185947418213, 2.190164566040039, -1.7910406589508057, 1.9530272483825684]	27.565122186089866	ok
ed2de53	expanded_free_params	rrw	4	2	150	0.04	0.0002	42.823028564453125	-49.26078021418952	[2.0392863750457764, 2.1900103092193604, -1.7907837629318237, 1.9531288146972656]	27.467656846973114	ok
ed2de53	expanded_free_params	cbei	4	2	150	0.04	0.0002	1892.6826171875	-1899.1203688372364	[0.0, -0.18940812349319458, 0.0019653826020658016, -0.5094550251960754]	33.1243464150466	ok
ed2de53	expanded_free_params	cbei	4	2	150	0.04	0.0002	1896.66748046875	-1903.1052321184864	[0.0, -0.14919142425060272, 0.0020303463097661734, -0.48509442806243896]	33.13268870301545	ok
ed2de53	multistart_seed10	liley	3	0	120	0.05	0.0003	62.450721740722656	-67.27903547802495	[0.01594843529164791, 3.6097790143685415e-05, 3.0249991416931152]	29.507621049066074	ok
ed2de53	multistart_seed20	liley	3	0	120	0.05	0.0003	62.44417953491211	-67.2724932722144	[0.015947146341204643, 3.609804844018072e-05, 3.0249991416931152]	29.390086623025127	ok
ed2de53	multistart_seed30	liley	3	0	120	0.05	0.0003	62.4574089050293	-67.28572264233159	[0.015946879982948303, 3.609784471336752e-05, 3.0249991416931152]	29.29532229306642	ok
ed2de53	multistart_seed10	cmc	3	0	120	0.05	0.0003	32.98875045776367	-37.817064195065974	[-1.2152502536773682, -1.2152286767959595, -3.703846232383512e-05]	22.416055497946218	ok
ed2de53	multistart_seed20	cmc	3	0	120	0.05	0.0003	32.98318862915039	-37.81150236645269	[-1.2152379751205444, -1.2152177095413208, -3.703836046042852e-05]	22.43764974595979	ok
ed2de53	multistart_seed30	cmc	3	0	120	0.05	0.0003	32.983951568603516	-37.81226530590582	[-1.2152304649353027, -1.215209722518921, -3.7038968002889305e-05]	22.469559028977528	ok
ed2de53	multistart_seed10	rrw	3	0	120	0.05	0.0003	1603.4146728515625	-1608.2429865888648	[3.6362361907958984, 3.6558876037597656, -3.0249991416931152]	21.32817658095155	ok
ed2de53	multistart_seed20	rrw	3	0	120	0.05	0.0003	1603.5980224609375	-1608.4263361982398	[3.6361312866210938, 3.6564056873321533, -3.0249991416931152]	21.258519192924723	ok
ed2de53	multistart_seed30	rrw	3	0	120	0.05	0.0003	1603.6170654296875	-1608.4453791669898	[3.636364221572876, 3.656599283218384, -3.0249991416931152]	21.236853425041772	ok
ed2de53	multistart_seed10	cbei	3	0	120	0.05	0.0003	3797.63427734375	-3802.4625910810523	[0.0, 0.016538837924599648, 0.0010659233666956425]	25.91650326899253	ok
ed2de53	multistart_seed20	cbei	3	0	120	0.05	0.0003	3809.3662109375	-3814.1945246748023	[0.0, 0.0021751346066594124, 0.0007034974405542016]	25.908029032987542	ok
ed2de53	multistart_seed30	cbei	3	0	120	0.05	0.0003	3799.774169921875	-3804.6024836591773	[0.0, 0.0346001535654068, 0.0009422530420124531]	25.91539614100475	ok
ed2de53	warmup_tight_clip	liley	2	2	200	0.07	0.0002	546.0631103515625	-549.2819861764307	[0.6642722487449646, 0.0003735420759767294]	38.54270858608652	ok
ed2de53	warmup_tight_clip	liley	2	2	200	0.07	0.0002	546.1010131835938	-549.3198890084619	[0.6642430424690247, 0.00037575385067611933]	38.57799429399893	ok
ed2de53	warmup_tight_clip	cmc	2	2	200	0.07	0.0002	18.70094108581543	-21.91981691068363	[-2.421541690826416, -0.003461380023509264]	26.874887019046582	ok
ed2de53	warmup_tight_clip	cmc	2	2	200	0.07	0.0002	18.698659896850586	-21.917535721718785	[-2.4216256141662598, -0.003527421038597822]	26.83333693095483	ok
ed2de53	warmup_tight_clip	rrw	2	2	200	0.07	0.0002	206.29278564453125	-209.51166146939946	[1.7974207401275635, 12.246397972106934]	29.68937445397023	ok
ed2de53	warmup_tight_clip	rrw	2	2	200	0.07	0.0002	206.197509765625	-209.4163855904932	[1.7973508834838867, 12.248661041259766]	29.822373660979792	ok
ed2de53	warmup_tight_clip	cbei	2	2	200	0.07	0.0002	1907.6282958984375	-1910.8471717233058	[0.0, -0.025622623041272163]	35.72658420202788	ok
ed2de53	warmup_tight_clip	cbei	2	2	200	0.07	0.0002	1909.8685302734375	-1913.0874060983058	[0.0, -0.004948929417878389]	35.81515202007722	ok
ed2de53	relaxed_prior_cosine	liley	3	2	175	0.05	0.0001	436.2428283691406	-441.07114210644295	[6.030445575714111, 2.449784915370401e-06, -4.997038558940403e-05]	35.095924257999286	ok
ed2de53	relaxed_prior_cosine	liley	3	2	175	0.05	0.0001	436.2586669921875	-441.0869807294898	[6.0304460525512695, 2.4498497168679023e-06, -4.996806455892511e-05]	35.15799151896499	ok
ed2de53	relaxed_prior_cosine	cmc	3	2	175	0.05	0.0001	16.123245239257812	-20.951558976560115	[-1.2163795232772827, -1.216359257698059, 0.00015224982053041458]	28.717650886974297	ok
ed2de53	relaxed_prior_cosine	cmc	3	2	175	0.05	0.0001	16.124574661254883	-20.952888398557185	[-1.2163848876953125, -1.216365098953247, 0.0001522833335911855]	28.865978455985896	ok
ed2de53	relaxed_prior_cosine	rrw	3	2	175	0.05	0.0001	457.816650390625	-462.6449641279273	[5.534022808074951, 5.7429351806640625, -2.9809398651123047]	28.989206927944906	ok
ed2de53	relaxed_prior_cosine	rrw	3	2	175	0.05	0.0001	457.7947692871094	-462.6230830244117	[5.534160614013672, 5.74300479888916, -2.9808151721954346]	28.830031299963593	ok
ed2de53	relaxed_prior_cosine	cbei	3	2	175	0.05	0.0001	1865.62548828125	-1870.4538020185523	[0.0, -0.10432188957929611, -3.2430498600006104]	32.66627448098734	ok
ed2de53	relaxed_prior_cosine	cbei	3	2	175	0.05	0.0001	1867.154296875	-1871.9826106123023	[0.0, -0.08114142715930939, -3.24109148979187]	32.634774768026546	ok
ed2de53	best_aggregate	ALL	0	2	0	0.0	0.0	496.75398540496826	-inf	[]	0.0	ok
